Record ID,Title,Subject,Institution,Journal,Publisher,Country,Author,URLS,ArticleType,RetractionDate,RetractionDOI,RetractionPubMedID,OriginalPaperDate,OriginalPaperDOI,OriginalPaperPubMedID,RetractionNature,Reason,Paywalled,Notes
20126,Effect of rosuvastatin on fasting and postprandial endothelial biomarker levels and microvascular reactivity in patients with type 2 diabetes and dyslipidemia: a preliminary report,(HSC) Medicine - Diabetes;(HSC) Medicine - Pharmacology;(HSC) Medicine - Rehabilitation/Therapy;,"Department of Internal Medicine, Seoul National University College of Medicine and Seoul National University Bundang Hospital, 82 Gumi-ro 173beon-gil, Bundang-gu, Seongnam 463-707, South Korea; Department of Internal Medicine, Eulji General Hospital, Seoul, South Korea; Physiologic Diagnostic Laboratory, Vascular Laboratory, Seoul National University Bundang Hospital, Seongnam, South Korea;",Cardiovascular Diabetology,Springer - Biomed Central (BMC),South Korea,Kyoung Min Kim;Kyong Yeun Jung;Han Mi Yun;Seo Young Lee;Tae Jung Oh;Hak Chul Jang;Soo Lim,,Clinical Study;,3/16/2019 0:00,10.1186/s12933-019-0841-1,30876421.0,11/9/2017 0:00,10.1186/s12933-017-0629-0,29121934.0,Retraction,+Error in Analyses;+Error in Results and/or Conclusions;,No,
20103,Mitochondrial replacement in human oocytes carrying pathogenic mitochondrial DNA mutations,(BLS) Anatomy/Physiology;(BLS) Biology - Cellular;(BLS) Genetics;,"Center for Embryonic Cell and Gene Therapy, Oregon Health & Science University, 3303 SW Bond Avenue, Portland, Oregon 97239, USA; Division of Reproductive & Developmental Sciences, Oregon National Primate Research Center, Oregon Health & Science University, 505 NW 185th Avenue, Beaverton, Oregon 97006, USA; Gene Expression Laboratory, Salk Institute for Biological Studies, 10010 North Torrey Pines Road, La Jolla, California 92037, USA; Department of Cell Biology School of Osteopathic Medicine, Rowan University, 2 Medical Center Drive, Stratford, New Jersey 08084, USA; Division of Human Genetics, Cincinnati Children’s Hospital Medical Center, 3333 Burnet Avenue, Cincinnati, Ohio 45229, USA; Reproductive Medical Centre, Anhui Medical University, No 218, Jixi Rd, Shushan District, Heifei, Anhui 230022, China; IviGen Los Angeles, 406 Amapola Avenue, Suite 215, Torrance, California 90501, USA; Research Cytogenetics Laboratory, Oregon Health & Science University, 3181 SW Sam Jackson Park Road, Portland, Oregon 97239, USA; Division of Reproductive Endocrinology, Department of Obstetrics and Gynecology, Oregon Health & Science University, 3303 SW Bond Avenue, Portland, Oregon 97239, USA; Knight Cardiovascular Institute, Oregon Health & Science University, 3181 SW Sam Jackson Park Road, Portland, Oregon 97239, USA; Department of Biomedical Engineering, Oregon Health & Science University, 3303 SW Bond Avenue, Portland, Oregon 97239, USA;",Nature,Springer - Nature Publishing Group,United States,Eunju Kang;Jun Wu;Nuria Marti Gutierrez;Amy Koski;Rebecca Tippner-Hedges;Karen Agaronyan;Aida Platero-Luengo;Paloma Martinez-Redondo;Hong Ma;Yeonmi Lee;Tomonari Hayama;Crystal van Dyken;Xinjian Wang;Shiyu Luo;Riffat Ahmed;Ying Li;Dongmei Ji;Refik Kayali;Cengiz Cinnioglu;Susan Olson;Jeffrey Jensen;David Battaglia;David Lee;Diana Wu;Taosheng Huang;Don P Wolf;Dmitry Temiakov;Juan Carlos Izpisura Belmonte;Paula Amato;Shoukhrat Kitalipov,http://retractionwatch.com/2019/03/09/weekend-reads-journal-editor-fired-for-homophobic-comments-three-parent-baby-paper-mega-correction-the-bette-midler-journal-club/,Research Article;,2/27/2019 0:00,10.1038/s41586-019-0876-1,30814738.0,11/30/2016 0:00,10.1038/nature20592,27919073.0,Correction,+Error in Analyses;+Error in Data;,No,
20091,A graphene oxide-based hairpin probe coupling duplex-specific nuclease signal amplification for detection and imaging of mRNA in living cells,(B/T) Technology;(BLS) Biology - Cellular;(BLS) Genetics;(BLS) Neuroscience;,"Institute of Intelligent Machines, Chinese Academy of Sciences, Hefei 230031, PR China; University of Science and Technology of China, Hefei 230027, PR China; State Key Laboratory of Transducer Technology, Chinese Academy of Sciences, Hefei 230031, PR China; School of Life Sciences, University of Science and Technology of China, Hefei 230027, PR China;",Talanta,Elsevier,China,Wei Xu;Aiwu Zhao;Fangtao Zuo;Hafiz Muhammad Jafar Hussain,,Research Article;,3/9/2019 0:00,10.1016/j.talanta.2018.11.078,30876602.0,11/28/2018 0:00,10.1016/j.talanta.2018.11.078,30625609.0,Retraction,+Date of Retraction/Other Unknown;+Error in Analyses;+Error in Data;+Error in Methods;+Unreliable Results;,No,"date of retraction unknown, html page overwrite, date estimated from notifications; separate notice published 3/13/19"
19992,Affective and Interpersonal Psychopathic Traits Associated with Reduced Corpus Callosum Volume among Male Inmates,(HSC) Medicine - Neurology;(SOC) Criminology;,"The Mind Research Network & Lovelace Biomedical and Environmental Research Institute, Albuquerque, NM, USA; University of New Mexico, Albuquerque, NM, USA; University of Wisconsin-Madison, Madison, WI, USA; University of Chicago, Chicago, IL, USA;",Psychological Medicine,Cambridge University Press,United States,Nathaniel E Anderson;J Michael Maurer;Prashanth Nyalakanti;Keith A Harenski;Carla L Harenski;Michael R Koenigs;Jean Decety;Kent A Kiehl,,Clinical Study;,2/14/2019 0:00,10.1017/S0033291719000138,30782225.0,10/12/2018 0:00,10.1017/S0033291718002921,30311599.0,Retraction,+Error in Analyses;+Error in Data;+Error in Results and/or Conclusions;,No,
19979,MarTrack: A versatile toolbox of mariner transposon derivatives used for functional genetic analysis of bacterial genomes,(BLS) Biology - Cellular;(BLS) Genetics;(BLS) Microbiology;,"State Key Laboratory of Bioreactor Engineering, East China University of Science and Technology, 130 Meilong Road, Shanghai, 200237, PR China; Shanghai Engineering Research Center of Maricultured Animal Vaccines, Shanghai, PR China;",Microbiological Research,Elsevier,China,Lifan Wei;Haoxian Qiao;Bing Liu;Kaiyu Yin;Qin Liu;Yuanxing Zhang;Yue Ma;Qiyao Wang,,Research Article;,2/27/2019 0:00,10.1016/j.micres.2019.02.003,30825944.0,11/23/2018 0:00,10.1016/j.micres.2018.11.008,30642470.0,Retraction,+Error in Analyses;+Error in Cell Lines/Tissues;+Error in Image;+Error in Results and/or Conclusions;,No,
19977,"Rapidly increasing body mass index among children, adolescents and young adults in a transitioning population, South Africa, 2008–15",(HSC) Biostatistics/Epidemiology;(HSC) Medicine - General;(HSC) Public Health and Safety;,"Public Health Medicine, University of KwaZulu-Natal, Durban, South Africa; Faculty of Commerce, University of the Witwatersrand, Johannesburg, South Africa; Steno Diabetes Center Copenhagen, Gentofte, Denmark; MRC Developmental Pathways for Health Research Unit, University of the Witwatersrand, Johannesburg, South Africa; Health Systems Trust, Westville, South Africa; School of Life Sciences, University of KwaZulu-Natal, Durban, South Africa; Department of Genetics, Evolution and Environment, University College London, London, UK; School of Public Health, University of the Witwatersrand, Johannesburg, South Africa;",International Journal of Epidemiology,Oxford Academic,Denmark;South Africa;United Kingdom,Benn Sartorius;Kurt Sartorius;Myra Taylor;Jens Aagaard-Hansen;Natiha Dukhi;Candy Day;N Ndlovu;R Slotow;Karen Hofman,,Research Article;,10/29/2018 0:00,10.1093/ije/dyy248,30376046.0,12/14/2017 0:00,10.1093/ije/dyx263,29253189.0,Retraction,+Error in Analyses;+Error in Methods;+Error in Results and/or Conclusions;,No,
19959,High-order iterative learning consensus tracking of nonlinear multi-agent systems with time-varying delays,(PHY) Mathematics;(PHY) Physics;,"Equipment Management and Unmanned Aerial Vehicle Engineering College, Air Force Engineering University, Xi’an, China;",Transactions of the Institute of Measurement and Control,SAGE Publications,China,Xiongfeng Deng;Xiuxia Sun;Shuguang Liu,,Research Article;,1/28/2019 0:00,10.1177/0142331219828273,0.0,10/22/2018 0:00,10.1177/0142331218799144,0.0,Retraction,+Error in Analyses;+Error in Methods;+Error in Results and/or Conclusions;,No,
19946,The Association between the Parents' Knowledge of Carbohydrate Counting and the Glycaemic Control of the Children with Type 1 Diabetes,(HSC) Medicine - Diabetes;(HSC) Medicine - Pediatrics;(HSC) Nutrition;,"Faculty of Medicine, University of Colombo, Colombo, Sri Lanka; Institute of Health and Biomedical Innovation, Queensland University of Technology, Brisbane, Australia;",International Journal of Pediatrics,Hindawi,Australia;Sri Lanka,Priyanga Ranasinghe;Vidarsha Rajini Senadeera;Rashmi Senarathna;Uththara Sapurnika;Vindhya Ramanayake;Ranil Jayawardena,,Research Article;,1/9/2019 0:00,10.1155/2019/5958948,30728844.0,6/19/2018 0:00,10.1155/2018/1036214,30018646.0,Retraction,+Error in Analyses;+Error in Data;+Error in Results and/or Conclusions;,No,
19929,Night Shift Work Increases the Risks of Multiple Primary Cancers in Women: A Systematic Review and Meta-analysis of 61 Articles,(HSC) Biostatistics/Epidemiology;(HSC) Medicine - Oncology;(HSC) Occupational Health and Safety;(HSC) Public Health and Safety;,"State Key Laboratory of Biotherapy and Cancer Center, West China Hospital, West China Medical School, Sichuan University, Chengdu, P.R. China;","Cancer Epidemiology, Biomarkers & Prevention",American Association for Cancer Research,China,Xia Yuan;Chenjing Zhu;Manni Wang;Fei Mo;Xuelei Ma,,Meta-Analysis;,2/4/2019 0:00,10.1158/1055-9965.EPI-18-1085,30718240.0,1/7/2018 0:00,10.1158/1055-9965.EPI-17-0221,29311165.0,Retraction,+Error in Analyses;+Error in Data;+Error in Methods;+Error in Results and/or Conclusions;,No,
19904,"Analysis of loxoprofen in tablets, patches, and equine urine as tert-butyldimethylsilyl derivative by gas chromatography-mass spectrometry",(BLS) Biochemistry;(BLS) Toxicology;(HSC) Medicine - Drug Design;(PHY) Crystallography/Spectroscopy;,"College of Pharmacy and Research Institute of Life and Pharmaceutical Sciences, Sunchon National University,Suncheon,Republic of Korea; Department of Physiology and Department of Biomedical Sciences, Ajou University School of Medicine, Suwon, Republic of Korea; Racing Laboratory, Korea Racing Authority, Gwacheon, Republic of Korea; Jeonbuk Branch Institute, Korea Research Institute of Bioscience and Biotechnology, Jeonbuk, Republic of Korea; College of Pharmacy, Chosun University, Gwangju, Republic of Korea;",Archives of Pharmacal Research,Springer,South Korea,Youngbae Kim;Chan Seo;Suin Oh;Juhwan Kwak;Sumin Jung;Eunsu Sin;Hyunbin Kim;Moongi Ji;Hyeon Seong Lee;Hyung Jin Park;Gwang Lee;Jundong Yu;Minsoo Kim;Wonjae Lee;Man Jeong Paik,,Research Article;,2/1/2019 0:00,10.1007/s12272-019-01109-0,30707406.0,5/23/2018 0:00,10.1007/s12272-018-1023-5,29572683.0,Retraction,+Error in Analyses;+Error in Data;+Error in Methods;+Error in Results and/or Conclusions;,No,
19879,Translation Elongation Factor 4 (LepA) Contributes to Tetracycline Susceptibility by Stalling Elongating Ribosomes,(BLS) Biochemistry;(BLS) Biology - Cellular;(BLS) Genetics;,"School of Life Sciences, Tsinghua-Peking Joint Center for Life Sciences, Beijing Advanced Innovation Center for Structural Biology, Tsinghua University, Beijing, China;",Antimicrobial Agents and Chemotherapy,American Society for Microbiology,China,Bin Liu;Chunlai Chen,,Research Article;,1/29/2019 0:00,10.1128/AAC.02581-18,30696695.0,7/27/2018 0:00,10.1128/AAC.02356-17,29784847.0,Retraction,+Error in Analyses;+Unreliable Results;,No,
19796,Governance and Taxes: Evidence from Regression Discontinuity,(B/T) Business - Accounting;(B/T) Government;,Carnegie Mellon University;,The Accounting Review,American Accounting Association,United States,Andrew Bird;Stephen A Karolyi,http://retractionwatch.com/2019/01/15/after-more-than-a-year-of-back-and-forth-an-accounting-journal-retracts-a-paper-on-tax-avoidance/,Research Article;,1/10/2019 0:00,10.2308/1558-7967-92.1.000,0.0,1/1/2017 0:00,10.2308/accr-51520,0.0,Retraction,+Concerns/Issues About Data;+Error in Analyses;+Error in Methods;+Error in Results and/or Conclusions;+Original Data not Provided;,No,
19793,Limited individual attention and online virality of low-quality information,(B/T) Technology;(SOC) Psychology;(SOC) Sociology;,"School of Economics and Management, Shanghai Institute of Technology, 100 Haiquan Road, Fengxian District, Shanghai 201418, China; Center for Complex Networks and Systems Research, School of Informatics and Computing, Indiana University, 919 East 10th Street, Bloomington, Indiana 47408, USA; Yahoo Research, 701 1st Avenue, Sunnyvale, California 94089, USA; Indiana University Network Science Institute, 1001 IN-45, Bloomington, Indiana 47408, USA;",Nature Human Behavior,Springer - Nature Publishing Group,China;United States,Xiaoyan Qiu;Diego F M Oliveira;Alireza Sahami Shirazi;Alessandro Flammini;Filippo Menczer,http://retractionwatch.com/2019/01/09/oft-quoted-paper-on-spread-of-fake-news-turns-out-to-befake-news/,Research Article;,1/7/2019 0:00,10.1038/s41562-018-0507-0,0.0,6/26/2017 0:00,10.1038/s41562-017-0132,0.0,Retraction,+Error in Analyses;+Error in Data;+Error in Results and/or Conclusions;,No,
19792,Thermodynamics of the CO2 absorption in BaCeO3 and SrCeO3 using thermogravimetric and differential thermal analyses,(PHY) Chemistry;(PHY) Materials Science;(PHY) Physics;,"Department of Chemistry, School of Science, Tokyo Institute of Technology, Meguro-ku, Tokyo, 152-8551, Japan; Department of Physics, College of Humanities and Sciences, Nihon University, Setagaya-ku, Tokyo, 156-8550, Japan; Physical Science Course, Faculty of Science and Technology, Kochi University, Akebono-cho, Kochi 780-8520, Japan;",Materials Research Bulletin,Elsevier,Japan,Eiki Niwa;Kaori Kondo;Masatake Aoki;Ryuhei Sato;Ryo Yoshizawa;Fumito Fujishiro;Masatomo Yashima;Takuya Hashimoto,,Research Article;,1/1/2019 0:00,10.1016/j.materresbull.2018.06.033,0.0,10/3/2018 0:00,10.1016/j.materresbull.2018.06.033,0.0,Retraction,+Date of Retraction/Other Unknown;+Error in Analyses;+Error in Data;+Error in Methods;,No,"date of retraction unknown, html page overwrite, date estimated from notifications; separate notice published 1/28/19"
19783,Inhibition of KCNQ2/3 channels by HN38 and XE991 depends on the conformation of the outer vestibule,(BLS) Anatomy/Physiology;(BLS) Biology - Cellular;,"University of Connecticut; Shanghai Institure of Materia Medica, Chinese Academy of Sciences;",Molecular Pharmacology,ASPET: American Society for Pharmacology and Experimental Therapeutics,China;United States,Elizabeth Rodier;Zachary Niday;Klarita Doci;Lei Wang;Fa Jun Nan;Zhao Bing Gao;Anastasios V Tzingounis,,Research Article;,1/3/2019 0:00,10.1124/mol.118.113407withdrawal,30606748.0,11/30/2018 0:00,10.1124/mol.118.113407,30504241.0,Retraction,+Concerns/Issues About Data;+Error in Analyses;+Unreliable Results;+Removed;,No,
19781,The cingulate island sign in patients with dementia with Lewy bodies or Alzheimer's disease: A direct comparison between 18F-FDG PET and 123I-IMP SPECT,(HSC) Medicine - Neurology;(HSC) Radiology/Imaging;,"PET/CT Dementia Research Center, Juntendo Tokyo Koto Geriatric Medical Center, Juntendo University School of Medicine, 3-3-20 Shinsuna, Koto-ku, Tokyo 136-0075, Japan; Department of Psychiatry, Yokohama Maioka Hospital, 3482 Maiokacho, Totsuka-ku, Yokohama City, Kanagawa 244-0813, Japan; Department of Psychiatry, Yokohama City University School of Medicine, 3-9 Fukuura, Kanazawa-ku, Yokohama-shi, Kanagawa 236-0004, Japan; Department of Psychiatry, Kawasaki Memorial Hospital, 20-1 Shiomidai, Miyamae-ku, Kawasaki City, Yokohama, Kanagawa 216-0013, Japan; Senior Mental Clinic Nihonbashi Ningyocho, 2-2-3 Nihonbashi Ningyocho, Chuo, Tokyo, 103-0013, Japan; Department of Psychiatry, Juntendo University School of Medicine, 2-1-1 Hongo, Bunkyo-ku, Tokyo 113-8421, Japan;",Neuroscience Letters,Elsevier,Japan,Yuhei Chiba;Hiroshige Fujishiro;Eizo Iseki;Koji Kasanuki;Kiyoshi Sato,,Research Article;,12/31/2018 0:00,10.1016/j.neulet.2018.11.020,30606430.0,7/31/2018 0:00,10.1016/j.neulet.2018.07.040,30075285.0,Retraction,+Error in Analyses;+Error in Results and/or Conclusions;,No,
19774,Experimental study on microsphere assisted nanoscope in non-contact mode,(B/T) Technology;(PHY) Nanotechnology;,"School of Physics and Optoelectronic Engineering, Xidian University, Xi'an, Shaanxi 710071, China;",Optics and Lasers in Engineering,Elsevier,China,Jinzhong Ling;Dancui Li;Xin Liu;Xiaorui Wang,http://retractionwatch.com/2019/01/12/weekend-reads-fishy-research-on-fishes-was-sokal-squared-misconduct-the-misuse-of-metrics/,Research Article;,11/28/2018 0:00,10.1016/j.optlaseng.2018.11.007,0.0,2/24/2018 0:00,10.1016/j.optlaseng.2018.02.010,0.0,Retraction,+Error in Analyses;+Error in Data;+Error in Methods;+Error in Results and/or Conclusions;,No,
19771,E3 ubiquitin ligase Fbw7 negatively regulates osteoblast differentiation by targeting Runx2 for degradation,(BLS) Biochemistry;(BLS) Biology - Cellular;(BLS) Genetics;,"Biochemistry Division, CSIR-Central Drug Research Institute (CSIR-CDRI), Sector-10, Jankipuram Extension, Lucknow, 226031 Uttar Pradesh; Division of Endocrinology and Center for Research in Anabolic Skeletal Targets in Health and Illness (ASTHI), CSIR-Central Drug Research Institute (CSIR-CDRI), Sector-10, Jankipuram Extension, Lucknow, 226031 Uttar Pradesh, India;",The Journal of Biological Chemistry,American Society for Biochemistry and Molecular Biology (ASBMB),India,Yogesh Kumar;Isha Kapoor;Kainat Khan;Gatha Thacker;Mohd Parvez Khan,,Research Article;,1/4/2019 0:00,10.1074/jbc.W118.007037,30610124.0,11/5/2015 0:00,10.1074/jbc.M115.669531,26542806.0,Retraction,+Duplication of Image;+Error in Analyses;+Manipulation of Images;,No,
19765,Protein Kinase A Determines Timing of Early Differentiation through Epigenetic Regulation with G9a,(BLS) Biochemistry;(BLS) Biology - Cellular;,"Department of Stem Cell Differentiation, Institute for Frontier Medical Sciences, Kyoto University, Kyoto 606-8507, Japan; Department of Cell Growth and Differentiation, Center for iPS Cell Research and Application (CiRA), Kyoto University, Kyoto 606-8507, Japan; Laboratory of Reproductive Biology, Graduate School of Agriculture, Kyoto University, Kyoto 606-8502, Japan; Experimental Research Center for Infectious Disease, Institute for Virus Research, Kyoto University, Kyoto 606-8507, Japan; Cancer Institute, Japanese Foundation for Cancer Research, Tokyo 135-8550, Japan;",Cell Stem Cell,Elsevier,Japan,Kohei Yamamizu;Mayako Fujihara;Makoto Tachibana;Shiori Katayama;Akiko Takahashi;Eiji Hara;Hiroshi Imai;Yoichi Shinkai;Jun K Yamashita,http://retractionwatch.com/2019/01/04/japanese-stem-cell-fraud-leads-to-a-new-retraction/,Research Article;,12/27/2018 0:00,10.1016/j.stem.2018.12.008,30595496.0,6/14/2012 0:00,10.1016/j.stem.2012.02.022,22704517.0,Retraction,+Error in Analyses;+Error in Cell Lines/Tissues;+Error in Results and/or Conclusions;+Investigation by Company/Institution;,No,
19753,Phenazine Content in the Cystic Fibrosis Respiratory Tract Negatively Correlates with Lung Function and Microbial Complexity,(BLS) Biochemistry;(BLS) Biology - Cellular;(BLS) Biology - Molecular;(HSC) Medicine - Pulmonology;,"Division of Biological Sciences, California Institute of Technology, Pasadena, California; Division of Geological and Planetary Sciences, California Institute of Technology, Pasadena, California; Howard Hughes Medical Institute, Pasadena, California; Department of Molecular Genetics, Forsyth Institute, Cambridge, Massachusetts; Department of Pediatrics, Children’s Hospital Boston, Massachusetts;",American Journal of Respiratory Cell and Molecular Biology,American Thoracic Society,United States,Ryan C Hunter;Vanja Klepac-Ceraj;Magen M Lorenzi;Hannah Grotzinger;Thomas R Martin;Dianne K Newman,,Research Article;,12/29/2018 0:00,10.1165/rcmb.601retraction,30592444.0,8/3/2012 0:00,10.1165/rcmb.2012-0088OC,22865623.0,Retraction,+Date of Retraction/Other Unknown;+Error in Analyses;+Error in Results and/or Conclusions;,No,"retraction date unknown, estimated from notifications"
19746,MiR-592 functions as a tumor suppressor in glioma by targeting IGFBP2,(BLS) Biochemistry;(BLS) Biology - Cancer;(BLS) Biology - Cellular;(BLS) Genetics;,"Department of Neurosurgery, The First Hospital of Jilin University, Changchun, P.R. China; Department of Ophthalmology, The Second Hospital of Jilin University, Changchun, P.R. China;",Tumor Biology (Tumour Biology) - Official Journal of the International Society of Oncology and BioMarkers (ISOBM),SAGE Publications,China,Tao Peng;Lixiang Zhou;Hui Qi;Guangming Wang;Yongxin Luan;Ling Zuo,,Research Article;,12/20/2018 0:00,10.1177/1010428318789534,0.0,7/18/2017 0:00,10.1177/1010428317719273,28718372.0,Retraction,+Contamination of Cell Lines/Tissues;+Error in Analyses;+Error in Cell Lines/Tissues;+Error in Data;+Error in Results and/or Conclusions;+Unreliable Results;,No,
19745,miR-423-5p knockdown enhances the sensitivity of glioma stem cells to apigenin through the mitochondrial pathway,(BLS) Biochemistry;(BLS) Biology - Cancer;(BLS) Biology - Cellular;(BLS) Genetics;,"Department of Neurosurgery, Suzhou Kowloon Hospital, Shanghai Jiao Tong University School of Medicine, Suzhou, P.R. China;",Tumor Biology (Tumour Biology) - Official Journal of the International Society of Oncology and BioMarkers (ISOBM),SAGE Publications,China,Yi Wan;Xifeng Fei;Zhimin Wang;Dongyi Jiang;Hanchun Chen;Mian Weng;Shijun Zhou,,Research Article;,12/20/2018 0:00,10.1177/1010428318789533,0.0,4/5/2017 0:00,10.1177/1010428317695526,28381178.0,Retraction,+Contamination of Cell Lines/Tissues;+Error in Analyses;+Error in Results and/or Conclusions;,No,
19740,Room-temperature hydrogenation of levulinic acid by uniform nano-TiO2 supported Ru catalysts,(PHY) Chemistry;(PHY) Engineering - Chemical;,"Hubei Collaborative Innovation Center for Advanced Organic Chemical Materials, Hubei University, Wuhan 430062, PR China; Ministry-of-Education Key Laboratory for the Synthesis and Application of Organic Functional Molecules, School of Chemistry and Chemical Engineering, Hubei University, Wuhan 430062, PR China; Hubei Collaborative Innovation Center for Green Transformation of Bio-resources, College of Life Sciences, Hubei University, Wuhan, Hubei 430062, PR China;",Molecular Catalysis,Elsevier,China,Guoqiang Li;Huanhuan Yang;Mei Cheng;Wei Hu;Lihong Tain;Wuxiang Mao;Renfeng Nie,,Research Article;,12/27/2018 0:00,10.1016/j.mcat.2018.12.005,0.0,6/5/2018 0:00,10.1016/j.mcat.2018.05.030,0.0,Retraction,+Error in Analyses;+Error in Data;+Error in Results and/or Conclusions;,No,
19723,Enhanced production of a self-toxic antibiotic xinghaiamine A from the novel marine-derived species Streptomyces xinghaiensis by resin addition,(BLS) Biochemistry;(BLS) Microbiology;(BLS) Toxicology;,"School of Life Science and Biotechnology, Dalian University of Technology, Dalian 116023, China;",Journal of Bioscience and Bioengineering,Elsevier,China,Wen Ce Jiao;Xinqing Zhao;Yumei Wang;Xiang Geng,,Research Article;,12/17/2018 0:00,10.1016/j.jbiosc.2018.11.010,30573136.0,8/27/2013 0:00,10.1016/j.jbiosc.2013.07.012,23988658.0,Retraction,+Error in Analyses;+Error in Results and/or Conclusions;,No,
19721,Long Noncoding RNA SOX2OT Accelerates the Carcinogenesis of Wilms' Tumor Through ceRNA Through miR-363/FOXP4 Axis,(BLS) Biochemistry;(BLS) Biology - Cancer;(BLS) Biology - Cellular;(BLS) Genetics;,"Department of Pediatrics, The Affiliated Huaian No. 1 People's Hospital of Nanjing Medical University, Huaian, China;",DNA and Cell Biology,Mary Ann Liebert,China,Li Ma;Xingzhen Sun;Wenxia Kuai;Jian Hu;Yufang Yuan;Weijing Feng;Xincui Lu,,Research Article;,12/21/2018 0:00,10.1089/dna.2018.4420-retract,30576227.0,11/27/2018 0:00,10.1089/dna.2018.4420,30481065.0,Retraction,+Error in Analyses;+Error in Cell Lines/Tissues;+Error in Results and/or Conclusions;,No,
19720,The Globe's Eccentric Rotational Axis: Why Medial Rectus Surgery Is More Potent than Lateral Rectus Surgery,(HSC) Medicine - Ophthalmology;,"Department of Ophthalmology, University of California, Los Angeles, California; Stein Eye Institute, University of California, Los Angeles, California; Department of Neurology, University of California, Los Angeles, California; Neuroscience Interdepartmental Program, University of California, Los Angeles, California; Bioengineering Interdepartmental Program, University of California, Los Angeles, California; David Geffen Medical School at the University of California, Los Angeles, California;",Ophthalmology,Elsevier,United States,Robert A Clark;Joseph L Demer,,Research Article;,12/18/2018 0:00,10.1016/j.ophtha.2018.10.028,30577912.0,3/30/2018 0:00,10.1016/j.ophtha.2018.03.003,29606378.0,Retraction,+Error in Analyses;+Error in Results and/or Conclusions;,No,see also: https://www.aaojournal.org/article/S0161-6420(18)32238-3/fulltext and https://www.aaojournal.org/article/S0161-6420(18)32504-1/fulltext
19717,Detection of Mycobacterium lepromatosis in patients with leprosy in India,(BLS) Microbiology;(HSC) Medicine - Infectious Disease;,"Department of Molecular Biology, Stanley Browne Laboratory, TLM Community Hospital, Delhi, India; Department of Immunopathology, Postgraduate Institute of Medical Education and Research, Chandigarh, India; Department of Dermatology Venereology and Leprology, Postgraduate Institute of Medical Education and Research, Chandigarh, India;",Infection and Drug Resistance,Taylor and Francis - Dove Press,India,Madhvi Ahuja;Mallika Lavania;Itu Singh;Ravindra P Turankar;Seema Chhabra;Tarun Narang;Sunil Dogra;Utpal Sengupta,,Research Article;,12/14/2018 0:00,10.2147/IDR.S198258,30613155.0,10/10/2018 0:00,10.2147/IDR.S166035,30349325.0,Retraction,+Error in Analyses;+Error in Data;+Error in Results and/or Conclusions;+Investigation by Journal/Publisher;,No,
19710,Monoclonal IgG antibodies generated from joint-derived B cells of RA patients have a strong bias toward citrullinated autoantigen recognition,(BLS) Biochemistry;(BLS) Biology - Cancer;(BLS) Biology - Cellular;(HSC) Medicine - Immunology;,"Rheumatology Unit, Department of Medicine, Karolinska University Hospital, Karolinska Institutet, SE-171 76 Solna, Stockholm, Sweden; Department of Immunobiology, Yale University School of Medicine, New Haven, CT 06520; Institute for Research in Biomedicine, CH-6500 Bellinzona, Switzerland; Max Planck Research Group Molecular Immunology, Max Planck Institute for Infection Biology, D-10117 Berlin, Germany;",Journal of Experimental Medicine,Rockefeller University Press,Germany;Sweden;Switzerland;United States,Khaled Amara;Johanna Steen;Fiona Murray;Henner Morbach;Blanca M Fernandez-Rodriguez;Vijay Joshua;Marianne Engstrom;Omri Snir;Lena Isrealsson;Anca I Catrina;Hedda Wardemann;Davide Corti;Eric Meffre;Lars Klareskog;Vivianne Malmstrom,http://retractionwatch.com/2019/01/11/group-issues-model-retraction-over-antibody-error/,Research Article;,12/19/2018 0:00,10.1084/jem.2012148612112018r,30567717.0,2/25/2013 0:00,10.1084/jem.20121486,23440041.0,Retraction,+Error in Analyses;+Error in Methods;+Results Not Reproducible;,No,
19707,Effect of annealing temperature on structural and morphological studies of electrodeposited CZTS thin films,(PHY) Chemistry;(PHY) Materials Science;,"Solid State Ionics Laboratory, Department of Physics, K. L. University, Guntur 522502, India; Department of Physics, Andhra Loyola College, Vijayawada 520008 India;",Ceramics International,Elsevier,India,S K Shahenoor Basha;M C Rao,,Research Article;,10/31/2018 0:00,10.1016/j.ceramint.2018.09.259,0.0,9/29/2017 0:00,10.1016/j.ceramint.2017.09.224,0.0,Retraction,+Error in Analyses;+Error in Data;+Error in Methods;+Lack of Approval from Third Party;+Results Not Reproducible;,No,
19701,Visual darkness reduces perceived risk of contagious-disease transmission from interpersonal interaction,(HSC) Medicine - Infectious Disease;(SOC) Psychology;,"Kellogg School of Management, Northwestern University; Rotman School of Management, University of Toronto;",Psychological Science,SAGE Publications,Canada;United States,Ping Dong;Chen Bo Zhong,,Research Article;,12/5/2018 0:00,10.1177/0956797618818467,30517052.0,5/11/2018 0:00,10.1177/0956797617749637,29750598.0,Retraction,+Error in Analyses;+Error in Methods;+Unreliable Results;,No,
19691,Magnetohydrodynamic 3D slip flow in a suspension of carbon nanotubes over a slendering sheet with heat source/sink,(PHY) Chemistry;(PHY) Materials Science;(PHY) Nanotechnology;,"Department of Mathematics, Sri Venkateswara University, Tirupati, India; Department Of Mathematics, VIT University, Vellore,India; Department of Mathematics, GITAM University, Visakhapatnam, India; Department of Engineering and Architecture, University of Parma, Parma, Italy; Department of Industrial Engineering, Alma Mater Studiorum-University of Bologna, Bologna, Italy;",Continuum Mechanics and Thermodynamics,Springer,India;Italy,R V M S S Kiran Kumar;S Vijaya Kumar Varma;C S K Raju;S M Ibrahim;Giulio Lorenzini;E Lorenzini,,Research Article;,12/13/2018 0:00,10.1007/s00161-018-0742-7,0.0,3/27/2017 0:00,10.1007/s00161-017-0563-0,0.0,Retraction,+Error in Analyses;+Objections by Author(s);+Unreliable Results;,No,
19687,Change in percentages of adults with overweight or obesity trying to lose weight,(HSC) Biostatistics/Epidemiology;(HSC) Medicine - General;(HSC) Public Health and Safety;,"Jiann-Ping Hsu College of Public Health, Georgia Southern University, Statesboro; College of Liberal Arts and Social Sciences, Georgia Southern University, Statesboro;",JAMA: Journal of the American Medical Association,American Medical Association,United States,Kassandra R Snook;Andrew R Hansen;Carmen H Duke;Kathryn C Finch;Amy A Hackney;Jian Zhang,http://retractionwatch.com/2018/12/22/weekend-reads-how-one-scientist-polluted-the-literature-a-dog-earns-an-authorship-poisoning-in-the-lab/,Research Article;,12/18/2018 0:00,10.1001/jama.2018.18136,30561485.0,3/7/2017 0:00,10.1001/jama.2016.20036,28267846.0,Retraction,+Error in Analyses;+Error in Methods;+Error in Results and/or Conclusions;+Retract and Replace;,No,
19641,Dissecting closely linked association signals in combination with the mammalian phenotype database can identify candidate genes in dairy cattle,(BLS) Biology - Molecular;(BLS) Genetics;(BLS) Zoology;,"Center for Quantitative Genetics and Genomics, Department of Molecular Biology and Genetics, Aarhus University, 8830, Tjele, Denmark;",BMC Genetics,Springer - Biomed Central (BMC),Denmark,Zexi Cai;Bernt Guldbrandsten;Mogens Sando Lund;Goutam Sahana,,Research Article;,12/11/2018 0:00,10.1186/s12863-018-0698-4,30537928.0,5/11/2018 0:00,10.1186/s12863-018-0620-0,29751743.0,Retraction,+Error in Analyses;+Error in Data;+Error in Methods;,No,
19625,Maintaining rigor in research: flaws in a recent study and a reanalysis of the relationship between state abortion laws and maternal mortality in Mexico,(HSC) Biostatistics/Epidemiology;(HSC) Medicine - Obstetrics/Gynecology;(HSC) Public Health and Safety;(SOC) Law/Legal Issues;,"Center for Health Systems Research, National Institute of Public Health, Av. Universidad 655, Cuernavaca, Morelos, Mexico; Department of Obstetrics and Gynecology, Oregon Health & Science University, 3181 SW Sam Jackson Park Rd, Portland, OR, USA; Institute for Health Metrics and Evaluation, University of Washington, 2301 5th Ave Suite 600, Seattle, WA, USA;",Contraception,Elsevier,Mexico;United States,Blair G Darney;Biani Saavedra-Avendano;Rafael Lozano,http://retractionwatch.com/2019/01/22/showdown-over-a-study-of-abortion-policy-leads-to-a-retraction-and-leaves-no-one-happy/,Research Article;,12/5/2018 0:00,10.1016/j.contraception.2018.11.017,30526954.0,8/18/2016 0:00,10.1016/j.contraception.2016.08.004,27546094.0,Retraction,+Date of Retraction/Other Unknown;+Error in Analyses;+Error in Results and/or Conclusions;,No,
19624,Effects of dynamic diffraction conditions on magnetic parameter determination in a double perovskite Sr2FeMoO6 using electron energy-loss magnetic chiral dichroism,(PHY) Chemistry;(PHY) Crystallography/Spectroscopy;,"National Center for Electron Microscopy in Beijing, Key Laboratory of Advanced Materials (MOE), The State Key Laboratory of New Ceramics and Fine Processing, School of Materials Science and Engineering, Tsinghua University, Beijing 100084, China; Peter Grünberg Institute and Ernst Ruska-Centre for Microscopy and Spectroscopy with Electrons (ER-C), Forschungszentrum Jülich, 52425 Jülich, Germany; Graduate School of Pure & Applied Science and Faculty of Pure & Applied Science, University of Tsukuba, Tennodai 1-1-1, Tsukuba, Ibaraki 305-7571, Japan; Central Facility for Electron Microscopy, RWTH Aachen University, 52074 Aachen, Germany;",Ultramicroscopy,Elsevier,China;Germany;Japan,Zechao C Wang;Xiaoyan Zhong;Lei Jin;X F Chen;Yutaka Moritomo;Joachim P Mayer,,Research Article;,12/1/2018 0:00,10.1016/j.ultramic.2018.11.015,30527954.0,12/30/2017 0:00,10.1016/j.ultramic.2016.12.024,28089306.0,Retraction,+Error in Analyses;+Error in Results and/or Conclusions;,No,
19601,Reliability and Sensitivity of Neuromuscular and Perceptual Fatigue Measures in Collegiate Men’s Basketball,(HSC) Medicine - Neurology;(HSC) Medicine - Sports;(HSC) Public Health and Safety;,"School of Health Sciences, The University of Notre Dame Australia, Fremantle, Australia; Purdue University, Purdue Sports Performance, West Lafayette, USA; Centre for Exercise and Sport Science Research, Edith Cowan University, Perth, Australia;",Journal of Strength and Conditioning Research: National Strength & Conditioning Association,Wolters Kluwer,Australia,Toby Edwards;Tania Spiteri;Benjamin Piggott;Joshua Bonhotal;G Gregory Haff;Christopher Joyce,,Research Article;,12/1/2018 0:00,10.1519/JSC.0000000000002969,30480654.0,2/27/2018 0:00,10.1519/JSC.0000000000002517,29489733.0,Retraction,+Error in Analyses;+Error in Methods;+Error in Results and/or Conclusions;,No,
19585,The Effect of Vitamin D Supplementation on Inflammatory and Hemostatic Markers and Disease Activity in Patients with Systemic Lupus Erythematosus: A Randomized Placebo-controlled Trial,(HSC) Medicine - Immunology;(HSC) Medicine - Pharmacology;(HSC) Medicine - Rehabilitation/Therapy;,"Internal Medicine Department, Faculty of Medicine, University of Alexandria; Biochemistry Department, Medical Research Institute; Alexandria Centre for Women’s Health, Alexandria, Egypt",The Journal of Rheumatology,The Journal of Rheumatology Publishing Company Limited,Egypt,Anna Abou-Raya;Suzan Abou-Raya;Madihah Helmi,http://retractionwatch.com/2019/01/18/this-is-something-that-we-have-never-seen-before-in-any-study-group-loses-two-more-papers/,Clinical Study;,12/1/2018 0:00,10.3899/jrheum.111594.RET1,30504482.0,3/1/2013 0:00,10.3899/jrheum.111594,23204220.0,Retraction,+Error in Analyses;+Error in Data;+Error in Methods;+Investigation by Company/Institution;+Investigation by Journal/Publisher;+Unreliable Results;,Yes,
19580,Cooling flexural modes of a mechanical oscillator by magnetically trapped Bose-Einstein-condensate atoms,(PHY) Physics;,"Anhui Province Key Laboratory of Condensed Matter Physics at Extreme Conditions, High Magnetic Field Laboratory, Chinese Academy of Sciences, Hefei 230031, Anhui, People's Republic of China; University of Science and Technology of China, Hefei 230026, People's Republic of China; Collaborative Innovation Center of Advanced Microstructures, Nanjing University, Nanjing 210093, People's Republic of China;",Physical Review A,American Physical Society,China,Donghong Xu;Fei Xue,,Research Article;,11/11/2018 0:00,10.1103/PhysRevA.98.059902,0.0,12/11/2017 0:00,10.1103/PhysRevA.96.063813,0.0,Retraction,+Error in Analyses;+Error in Results and/or Conclusions;,No,
19578,An assessment of transgenomics as a tool for gene discovery in Populus euphratica Oliv,(BLS) Genetics;(BLS) Microbiology;(BLS) Plant Biology/Botany;,"State Key Laboratory of Tree Genetics and Breeding, Research Institute of Forestry, Chinese Academy of Forestry, Beijing, China; Beijing Agro-Biotechnology Research Center, Beijing Academy of Agriculture and Forestry Sciences, Beijing, China; School of Environmental Science and Engineering, Tianjin University, Tianjin, China;",Plant Molecular Biology,Springer,China,Jing Zhou;Xin Liu;Shu Tang Zhao;Jian Jun Hu;Jie Wei Zhang;Jie Hua Wang;Xiao Peng Peng;Xiao Li Qi;Tie Long Cheng;Meng Zhu Lu,,Research Article;,11/26/2018 0:00,10.1007/s11103-018-0798-6,30478705.0,7/26/2018 0:00,10.1007/s11103-018-0755-4,30051252.0,Retraction,+Error in Analyses;+Error in Data;+Error in Results and/or Conclusions;,No,
19575,Two States of the Cathode Catalyst Layer Operation in a PEM Fuel Cell,(PHY) Chemistry;(PHY) Energy;,"Hawaii Natural Energy Institute, University of Hawaii, Honolulu, Hawaii 96822, USA; Forschungszentrum Jülich GmbH, Institute of Energy and Climate Research, IEK–3: Electrochemical Process Engineering, D-52425 Jülich, Germany; Lomonosov Moscow State University, Research Computing Center, 119991 Moscow, Russia;",Journal of the Electrochemical Society,ECS - The Electrochemical Society,Germany;Russia;United States,Tatyana Reshetenko;Andrei Kulikovsky,,Research Article;,11/26/2018 0:00,10.1149/2.0041816jes,0.0,7/20/2018 0:00,10.1149/2.0541810jes,0.0,Retraction,+Error in Analyses;+Error in Methods;+Error in Results and/or Conclusions;,No,
19519,Detangling PPI networks to uncover functionally meaningful clusters,(B/T) Computer Science;(BLS) Anatomy/Physiology;(BLS) Biochemistry;(BLS) Biology - Cellular;,"Department of Computer Science, Tufts University, Medford, 02155, MA, USA;",BMC Systems Biology,Springer - Biomed Central (BMC),United States,Sarah Hall-Swan;Jake Crawford;Rebecca Newman;Lenore J Cowen,,Research Article;,11/20/2018 0:00,10.1186/s12918-018-0641-3,30453938.0,3/21/2018 0:00,10.1186/s12918-018-0550-5,29589565.0,Retraction,+Error in Analyses;+Error in Results and/or Conclusions;,No,
19507,Dental hard tissue ablation using mid-infrared tunable nanosecond pulsed Cr:CdSe laser,(HSC) Medicine - Dentistry;(HSC) Radiology/Imaging;,"Department of Periodontology, Graduate School of Medical and Dental Sciences, Tokyo Medical and Dental University (TMDU), Tokyo, Japan; Photonics Control Technology Team, Advanced Photonics Technology Development Group, RIKEN Center for Advanced Photonics, Riken, Wako, Saitama, Japan; Research Center for Medical and Dental Sciences, Tokyo Medical and Dental University (TMDU), Tokyo, Japan;",Lasers in Surgery and Medicine,Wiley,Japan,Taichen Lin;Akira Aoki;Norihito Saito;Masaki Yumoto;Sadahiro Nakajima;Keigo Nagasaka;Shizuko Ichinose;Koji Mizutani;Satoshi Wada;Yuichi Izumi,,Research Article;,11/19/2018 0:00,10.1002/lsm.23040,30561047.0,3/29/2016 0:00,10.1002/lsm.22508,27020165.0,Retraction,+Error in Analyses;+Error in Data;+Error in Materials;,No,
19483,"Suicide Rates by Occupational Group - 17 States, 2012",(HSC) Biostatistics/Epidemiology;(HSC) Occupational Health and Safety;(HSC) Public Health and Safety;,"Division of Violence Prevention, National Center for Injury Prevention and Control, CDC; Epidemic Intelligence Service, CDC;",Morbidity and Mortality Weekly Report (MMWR),Centers for Disease Control and Prevention,United States,Wendy LiKamWa McIntosh;Erica Spies;Deborah M Stone;Colby N Lokey;Aimee-Rika T Trudeau;Brad Bartholow,http://retractionwatch.com/2018/11/15/in-a-first-u-s-cdc-retracts-replaces-study-about-suicide-risk-in-farmers/,Government Publication;Research Article;,11/16/2018 0:00,10.15585/mmwr.mm6745a6,30439871.0,7/1/2016 0:00,10.15585/mmwr.mm6525a1,27359167.0,Retraction,+Error in Analyses;+Error in Data;+Error in Results and/or Conclusions;+Retract and Replace;,No,see: https://www.cdc.gov/mmwr/volumes/67/wr/mm6745a1.htm?s_cid=mm6745a1_e
19475,Vibration and acoustic noise emitted by dry-type air-core reactors under PWM voltage excitation,(PHY) Engineering - Electrical;(PHY) Physics;,"State Key Laboratory of Control and Simulation of Power System and Generation Equipments, Department of Electrical Engineering, Tsinghua University, Beijing 100084, China;",AIP Advances,AIP Publishing,China,Jingsong Li;Shanwing Wang;Jianfeng Hong;Zhanlu Yang;Shengqian Jiang;Shichong Xia,,Conference Abstract/Paper;,10/30/2018 0:00,10.1063/1.5070064,0.0,1/17/2018 0:00,10.1063/1.5006845,0.0,Retraction,+Error in Analyses;+Error in Image;+False/Forged Authorship;+Lack of Approval from Author;+Lack of Approval from Company/Institution;+Unreliable Results;,No,
19414,Analysis of the Strength of Legal Firearms Restrictions for Perpetrators of Domestic Violence and Their Associations With Intimate Partner Homicide,(HSC) Biostatistics/Epidemiology;(HSC) Public Health and Safety;(SOC) Sociology;,"School of Criminal Justice, Michigan State University, East Lansing, Michigan; Department of Health Policy and Management, Bloomberg School of Public Health, Johns Hopkins University, Baltimore, Maryland; School of Social Justice, University of Toledo, Toledo, Ohio;",American Journal of Epidemiology,Oxford Academic,United States,April M Zeoli;Alexander McCourt;Shani Buggs;Shannon Frattaroli;DAvid Lilley;Daniel W Webster,http://retractionwatch.com/2018/11/05/data-mishap-forces-retraction-of-paper-on-gun-laws-domestic-killings/,Research Article;,11/1/2018 0:00,10.1093/aje/kwy169,30383262.0,11/29/2017 0:00,10.1093/aje/kwx362,29194475.0,Retraction,+Error in Analyses;+Error in Data;+Retract and Replace;,Yes,
19409,si-RNA-Mediated Knockdown of PDLIM5 Suppresses Gastric Cancer Cell Proliferation in Vitro,(BLS) Biochemistry;(BLS) Biology - Cancer;(BLS) Biology - Cellular;(BLS) Genetics;,"Department of Gastrointestinal Surgery, Shandong Tumor Hospital, Jinan, China; Department of Pathology, Shandong Tumor Hospital, Jinan, China; Department of Intensive Care Unit, Wucheng People's Hospital, Wucheng, Shandong, China; Department of Urology, Shandong Tumor Hospital, Jinan, China;",Chemical Biology & Drug Design,Wiley,China,Yanliang Li;Yongsheng Gao;Yue Xu;Xianjun Sun;Xilin Song;Heng Ma;Mingshan Yang,,Research Article;,10/30/2018 0:00,10.1111/cbdd.13422,30468310.0,10/23/2014 0:00,10.1111/cbdd.12428,25215606.0,Retraction,+Error in Analyses;+Error in Data;+Error in Materials;+Error in Methods;+Error in Results and/or Conclusions;,No,
19383,Performance and deactivation of Ir-based catalyst during hydroxylammonium nitrate catalytic decomposition,(PHY) Chemistry;(PHY) Engineering - Chemical;,"JAXA, Japan Aerospace Exploration Agency, 3-1-1 Yoshinodai, Chuo-Ku, Sagamihara, Kanagawa 252-5210, Japan; LMCPA, Laboratoire des Matériaux Céramiques et Procédés Associés, Université de Valenciennes et du Hainaut Cambrésis, Valenciennes, France;",Applied Catalysis A: General,Elsevier,France;Japan,Rachid Amrousse;Toshiyuki Katsumi;Yosui Niboshi;Nobuyuki Azuma;Ahmed Bachar;Keiichi Hori,http://retractionwatch.com/2018/11/01/aerospace-researchers-in-japan-blast-off-to-three-retractions/,Research Article;,3/6/2014 0:00,10.1016/j.apcata.2014.02.018,0.0,12/7/2012 0:00,10.1016/j.apcata.2012.11.038,0.0,Correction,+Error in Analyses;+Error in Image;+Error in Text;,No,
19346,"Antibiotic Resistance in Salmonella Enteritidis Isolates Recovered from Chicken, Chicken Breast, and Humans Through National Antimicrobial Resistance Monitoring System Between 1996 and 2014",(BLS) Microbiology;(HSC) Biostatistics/Epidemiology;(HSC) Medicine - Infectious Disease;(HSC) Public Health and Safety;,"CATG Microbiology & Food Safety Laboratory, Institute of Preventive Veterinary Medicine, College of Animal Sciences of Zhejiang University, Hangzhou, China; Zhejiang Provincial Key Laboratory of Preventive Veterinary Medicine, Hangzhou, China;",Foodborne Pathogens and Disease,Mary Ann Liebert,China,Narayan Paudyal;Hang Pan;Xiaoliang Li;Weihuan Fang;Min Yue,http://retractionwatch.com/2018/10/27/weekend-reads-our-database-of-18000-plus-retractions-is-launched-inside-a-trial-gone-wrong-scholarly-publishers-bow-to-censorship/,Research Article;,10/10/2018 0:00,10.1089/fpd.2017.2402.retract,30334658.0,10/3/2018 0:00,10.1089/fpd.2017.2402,29927626.0,Retraction,+Concerns/Issues about Referencing/Attributions;+Error in Analyses;+Error in Data;,No,
19334,Cancer immunotherapy-induced posterior reversible encephalopathy syndrome in an emergency department,(BLS) Biochemistry;(HSC) Medicine - Neurology;(HSC) Medicine - Oncology;(HSC) Medicine - Urology/Nephrology;(HSC) Radiology/Imaging;,"Department of Emergency Medicine, The University of Texas MD Anderson Cancer Center, Houston, TX 77030, USA;",The American Journal of Emergency Medicine,Elsevier,United States,Myint Aung Win;Kyaw Zin Thein;Sai Ching Jim Yeung,,Case Report;,10/12/2018 0:00,10.1016/j.ajem.2018.07.007,30318313.0,10/29/2016 0:00,10.1016/j.ajem.2016.10.069,27836313.0,Retraction,+Concerns/Issues About Results;+Error in Analyses;+Error in Data;+Objections by Third Party;,No,
19330,On Hilbert’s 8th problem,(PHY) Statistics;,University of Chicago;,Brazilian Journal of Probability and Statistics,Brazilian Statistical Association,United States,Nicholas G Polson,,Research Article;,10/12/2018 0:00,10.1214/18-BJPS331RET,0.0,6/8/2018 0:00,10.1214/18-BJPS392,0.0,Retraction,+Error in Analyses;,No,
19313,Cardiac structural remodeling in hypertensive cardiomyopathy,(BLS) Biology - Cellular;(HSC) Medicine - Cardiology;,"Department of Cardiology, The First Affiliated Hospital of Soochow University, Suzhou City, Jiangsu Province, People's Republic of China; Department of Cardiology, Suzhou Municipal Hospital Affiliated to Nanjing Medical University, Suzhou City, Jiangsu Province, People's Republic of China;",Hypertension Research: Official Journal of the Japanese Society of Hypertension,Springer - Nature Publishing Group,China,Si Jia Sun;Jia Lu Yao;Lang Biao Xu;Qing Rui;Nan Nan Zhang;Min Chen;Yu Feng Jiang;Hua JIa Yang;Ya Feng Zhou,,Research Article;,10/11/2018 0:00,10.1038/s41440-018-0097-2,30310170.0,12/22/2016 0:00,10.1038/hr.2016.169,28003648.0,Retraction,+Error in Analyses;+Error in Results and/or Conclusions;,No,
19304,Heterogeneous Titania-Photoredox/Nickel Dual Catalysis: Decarboxylative Cross-Coupling of Carboxylic Acids with Aryl Iodides,(PHY) Chemistry;,"Department of Chemistry and Biomolecular Sciences and Centre for Catalysis Research and Innovation, University of Ottawa, 10 Marie Curie, Ottawa, Ontario K1N 6N5, Canada;",ACS Catalysis,American Chemical Society (ACS),Canada,Christopher D McTiernan;Xavier LeBlanc;Juan C Scaiano,,Research Article;,10/5/2018 0:00,10.1021/acscatal.8b03510,0.0,2/17/2017 0:00,10.1021/acscatal.6b03687,0.0,Retraction,+Error in Analyses;+Error in Results and/or Conclusions;,No,
19297,The Economic Benefits from Virus Screening: A Case Study of Grapevine Leafroll in the North Coast of California,(B/T) Business - Economics;(BLS) Agriculture;(BLS) Microbiology;(BLS) Plant Biology/Botany;,"Montana State University Extension and Department of Agricultural Economics and Economics, Montana State University, Bozeman, MT 59715; Department of Agricultural and Resource Economics and Robert Mondavi Institute Center for Wine Economics, University of California, Davis, CA 95616; University of California Cooperative Extension and Foundation Plant Services, University of California, Davis, CA 95616;",American Journal of Enology and Viticulture,American Society for Enology and Viticulture,United States,Kate Binzen Fuller;Julian M Alston;Deborah A Golino,,Research Article;,10/1/2018 0:00,unavailable,0.0,5/1/2015 0:00,10.5344/ajev.2014.14055,0.0,Retraction,+Error in Analyses;+Error in Results and/or Conclusions;,No,
19296,The Development of Willingness to Sacrifice and Unmitigated Communion in Intimate Partnerships,(SOC) Sexual And Marital Studies;(SOC) Sociology;,"Department of Human Ecology, University of Alberta, 302 Human Ecology Building, Edmonton, AB T6G 2N1, Canada; Department of Psychology, Friedrich-Schiller-Universität Jena, Humboldtstraße 11, Raum 118, 07743 Jena, Germany;",Journal of Marriage and Family,Wiley,Canada;Germany,Matthew D Johnson;Rebecca M Horne;Franz J Neyer,,Research Article;,10/3/2018 0:00,10.1111/jomf.12536,0.0,12/27/2017 0:00,10.1111/jomf.12455,0.0,Retraction,+Error in Analyses;,No,
19273,"Salecanase, a Novel Glycosyl Hydrolase from Paenibacillus sp. S09",(BLS) Biochemistry;(BLS) Microbiology;(PHY) Crystallography/Spectroscopy;,"Center for Molecular Metabolism, Nanjing University of Science & Technology, Nanjing, China; Jiangsu Marine Resources Development Institute, Huaihai Institute of Technology, Lianyungang, China;",Applied and Environmental Microbiology,American Society for Microbiology,China,Rui Cheng;Linxiang Xu;Lei Wang;Renjie Fu;Jing Li;Shiming Wang;Jianfa Zhang,,Research Article;,10/1/2018 0:00,10.1128/AEM.01321-18,30054354.0,7/27/2018 0:00,10.1128/AEM.01321-18,30054354.0,Retraction,+Concerns/Issues About Data;+Error in Analyses;,No,
19266,Large local lattice expansion in graphene adlayers grown on copper,(PHY) Crystallography/Spectroscopy;(PHY) Materials Science;,"ANTARES Beamline, Synchrotron SOLEIL & Université Paris-Saclay, L’Orme des Merisiers, Gif sur Yvette CEDEX, France; Group of Electrical Engineering-Paris, UMR CNRS 8507, CentraleSupélec, Univ. Paris-Sud, Université Paris-Saclay; Sorbonne Universités, UPMC Univ Paris 06, Gif-sur-Yvette CEDEX, France; IBS Center for Integrated Nanostructure Physics (CINAP), Institute for Basic Science, Sungkyunkwan University, Suwon, Korea; Department of Mechanical Engineering, The University of Hong Kong, Hong Kong SAR, China; Department of Materials Science, Fudan University, Shanghai, China; Department of Physics, University of Bath, Bath, UK; Centre for Nanoscience and Nanotechnology, University of Bath, Bath, UK; Department of Energy Science, Sungkyunkwan University, Suwon, Korea;",Nature Materials,Springer - Nature Publishing Group,China;France;South Korea;United Kingdom,Chaoyu Chen;Jose Avila;Hakim Arezki;Van Luan Nguyen;Jiahong Shen;Marcin Mucha-Kruczynski;Fei Yao;Mohamed Boutchich;Yue Chen;Young Hee Lee;Marcia C Asensio,,Research Article;,9/27/2018 0:00,10.1038/s41563-018-0185-3,30262907.0,4/9/2018 0:00,10.1038/s41563-018-0053-1,29632409.0,Retraction,+Error in Analyses;+Error in Methods;+Unreliable Results;,No,
19254,The impact of medically supervised injection centres on drug-related harms: A meta-analysis,(HSC) Biostatistics/Epidemiology;(HSC) Medicine - General;(HSC) Medicine - Infectious Disease;(HSC) Public Health and Safety;,"Centre for Criminology, University of South Wales, Pontypridd, CF37 1DL, United Kingdom;",International Journal of Drug Policy,Elsevier,United Kingdom,Tom May;Trevor Bennett;Katy Holloway,http://retractionwatch.com/2018/09/29/weekend-reads-lessons-from-the-downfall-of-brian-wansink-scientific-terrorism-redux-why-cochrane-booted-a-member/;http://retractionwatch.com/2018/10/27/weekend-reads-our-database-of-18000-plus-retractions-is-launched-inside-a-trial-gone-wrong-scholarly-publishers-bow-to-censorship/,Meta-Analysis;,9/27/2018 0:00,10.1016/j.drugpo.2018.06.018,0.0,8/2/2018 0:00,10.1016/j.drugpo.2018.06.018,30077946.0,Retraction,+Date of Retraction/Other Unknown;+Error in Analyses;+Error in Methods;+Unreliable Results;,No,see also: https://www.vox.com/science-and-health/2018/9/27/17907964/safe-injection-site-study-retraction
19238,Survival Analysis of Adult Tuberculosis Disease,(HSC) Biostatistics/Epidemiology;(HSC) Medicine - Infectious Disease;(HSC) Public Health and Safety;,"Department of Public Health and Epidemiology, University College Cork, Cork, Ireland; Mercy University Hospital, Cork, Ireland;",PLoS One,PLoS,Ireland,Olurotimi Bankole Ajagbe;Zubair Kabair;Terry O’Connor,http://retractionwatch.com/2018/12/18/the-waiting-game-a-university-requests-a-retraction-then-it-waits-three-years/;http://retractionwatch.com/2018/12/22/weekend-reads-how-one-scientist-polluted-the-literature-a-dog-earns-an-authorship-poisoning-in-the-lab/,Research Article;,9/20/2018 0:00,10.1371/journal.pone.0204676,30235345.0,11/19/2014 0:00,10.1371/journal.pone.0112838,25409024.0,Retraction,+Concerns/Issues About Authorship/Affiliation;+Error in Analyses;+Error in Data;+Error in Results and/or Conclusions;,No,
19192,Downregulated poly-C binding protein-1 is a novel predictor associated with poor prognosis in acute myeloid leukemia,(BLS) Biochemistry;(BLS) Biology - Cancer;(BLS) Biology - Cellular;,"Department of Hematology, the First Affiliated Hospital of Sun Yat-sen University, Guangzhou, Guangdong 510080, China;",Diagnostic Pathology,Springer - Biomed Central (BMC),China,Meifeng Zhou;Xiuzhen Tong,,Research Article;,9/12/2018 0:00,10.1186/s13000-018-0745-5,30208907.0,8/21/2015 0:00,10.1186/s13000-015-0377-y,26293996.0,Retraction,+Concerns/Issues About Data;+Concerns/Issues About Results;+Error in Analyses;+Objections by Author(s);,No,
19176,Nested Inversion Polymorphisms Predispose Chromosome 22q11.2 to Meiotic Rearrangements,(BLS) Genetics;,"Department of Human Genetics, Katholieke Universiteit Leuven, Leuven, Belgium; Departament de Cie`ncies Experimentals i de la Salut, Universitat Pom-peu Fabra, Barcelona, Spain; Institut Hospital del Mar d’Investigacions Me`diques, Barcelona, Spain; Centro de Investigacio´n Biome´dica en Red de Enfer-medades Raras, Barcelona, Spain; Division of Human Genetics, Children’s Hospital of Philadelphia, Philadelphia, PA, USA; Department of Pediatrics, Per-elman School of Medicine at the University of Pennsylvania, Philadelphia, PA, USA; Department of Genetics, Albert Einstein College of Medicine, Bronx,NY, USA;",American Journal of Human Genetics,Elsevier - Cell Press,Belgium;Spain;United States,Wolfram Demaerel;Matthew S Hestand;Elfi Vergaelen;Ann Swillen;Marcos Lopez-Sanchez;Luis A Perez-Jurado;Donna M McDonald-McGinn;Elaine Zackai;Beverly S Emanuel;Bernice E Morrow;Jeroen Breckpot;Koenraad Devriendt;Joris R Vermeesch; International 22q11.2 Brain and Behavior Consortiu,,Research Article;,9/6/2018 0:00,10.1016/j.ajhg.2018.08.011,30193139.0,9/28/2017 0:00,10.1016/j.ajhg.2017.09.002,28965848.0,Retraction,+Error in Analyses;+Bias Issues or Lack of Balance;,No,"The following authors were listed as part of the Consortium: Kevin Antshel, Celso Arango, Marco Armando,Anne Bassett, Carrie Bearden, Erik Boot, Marta Bravo-Sanchez,Elemi Breetvelt, Tiffany Busa, Nancy Butcher, Linda Campbell,Miri Carmel, Eva Chow, T. Blaine Crowley, Joseph Cubells, DavidCutler, Wolfram Demaerel, Maria Cristina Digilio, Sasja Duijff, Ste-phan Eliez, Beverly Emanuel, Michael Epstein, Rens Evers, LuisFernandez Garcia-Moya, Ania Fiksinski, David Fraguas, Wanda Fre-mont, Rosemarie Fritsch, Sixto Garcia-Minaur, Aaron Golden,Doron Gothelf, Tingwei Guo, Ruben Gur, Raquel Gur, DamianHeine-Suner, Matthew Hestand, Stephen Hooper, Wendy Kates,Leila Kushan, Alejandra Laorden-Nieto, Johanna Maeder, BrunoMarino, Christian Marshall, Kathryn McCabe, Donna McDo-nald-McGinn, Elena Michaelovosky, Bernice Morrow, EdwardMoss, Jennifer Mulle, Declan Murphy, Kieran Murphy, ClodaghMurphy, Maria Niarchou, Claudia Ornstein, Michael Owen,Nicole Philip, Gabriela Repetto, Maude Schneider, VandanaShashi, Tony Simon, Ann Swillen, Flora Tassone, Marta Unolt,Therese van Amelsvoort, Marianne van den Bree, Esther VanDuin, El? Vergaelen, Joris Vermeesch, Stefano Vicari, ClaudiaVingerhoets, Jacob Vorstman, Steve Warren, Ronnie Weinberger,Omri Weisman, Abraham Weizman, Elaine Zackai, Zhengdong Zhang, and Michael Zwick"
19165,The effectiveness of group-based behavioral activation in the treatment of depression: An updated meta-analysis of randomized controlled trial,(SOC) Psychology;,"The Jockey Club School of Public Health and Primary Care, Faculty of Medicine, The Chinese University of Hong Kong, China;",Journal of Affective Disorders,Elsevier,China,Aaroy T Y Chan;Grace Y Y Sun;Wilson W S Tam;Kelvin K F Tsoi;Samuel Y S Wong,http://retractionwatch.com/2018/09/08/weekend-reads-an-article-on-a-controversial-topic-just-disappears-mass-resignations-from-a-nutrition-journal-the-likely-mistaken-history-of-the-vibrator/,Meta-Analysis;,9/5/2018 0:00,10.1016/j.jad.2018.07.084,30195380.0,10/15/2016 0:00,10.1016/j.jad.2016.08.026,27810717.0,Retraction,+Error in Analyses;+Error in Data;+Error in Results and/or Conclusions;,No,
19154,Analysis of YAP1 and TAZ expression by immunohistochemical staining in malignant mesothelioma and reactive mesothelial cells,(BLS) Biochemistry;(BLS) Biology - Cancer;(BLS) Biology - Cellular;,"Department of Pathology and Laboratory Medicine, Showa University School of Medicine, Tokyo 142-8555, Japan;",Oncology Letters,Spandidos,Japan,Yusuke Takehara;Toshiko Yamochi;Tasuku Nagumo;Tomonari Cho;Fumihiko Urushibara;Kohei Ono;Tomonori Fujii;Naoko Okamoto;Yosuke Sasaki;Sakiko Tazawa;Mayumi Honma;Tomoko Norose;Eisuke Shiozawa;Genshu Tate;Masafumi Takimoto,,Research Article;,9/5/2018 0:00,10.3892/ol.2018.9405,30344759.0,3/9/2018 0:00,10.3892/ol.2018.8225,29731861.0,Retraction,+Error in Analyses;+Error in Methods;+Error in Results and/or Conclusions;,No,
19151,"Impact of different promoters, promoter mutation, and an enhancer on recombinant protein expression in CHO cells",(BLS) Biochemistry;(BLS) Biology - Cellular;,"Department of Biochemistry and Molecular Biology, Xinxiang Medical University, Xinxiang, 453003, Henan, China; Pharmacy Collage, Xinxiang Medical University, Xinxiang, 453003, Henan, China; School of Life Sciences and Technology, Xinxiang Medical University, Xinxiang, 453003, Henan, China;",Scientific Reports,Springer - Nature Publishing Group,China,Wei Wang;Yan Long Jia;Yi Chun Li;Chang Qin Jing;Xiao Guo;Xue Fang Shang;Chun Peng Zhao;Tian Yun Wang,,Research Article;,9/4/2018 0:00,10.1038/s41598-018-31224-9,30181660.0,9/5/2017 0:00,10.1038/s41598-017-10966-y,28874794.0,Retraction,+Error in Analyses;+Error in Results and/or Conclusions;,No,
19126,Sensitivity Analysis Based on Markovian Integration by Parts Formula,(B/T) Business - Accounting;(B/T) Business - Economics;(PHY) Statistics;,"School of Finance and Economics, Jiangsu University, Zhenjiang 212013, China; CNOOC Oil and Gas (Taizhou) Petrochemicals Co., Ltd., Taizhou 225321, China;",Mathematical and Computational Applications,MDPI,China,Yongsheng Hang;Yue Liu;Xiaoyang Xu;Yan Chen;Shu Mo,,Research Article;,8/30/2018 0:00,10.3390/mca23030044,0.0,10/12/2017 0:00,10.3390/mca22040040,0.0,Retraction,+Error in Analyses;+Error in Results and/or Conclusions;+Unreliable Results;,No,
19109,"Losing control: Mostly incongruent lists postpone, but do not eliminate, the Stroop effect",(SOC) Psychology;,"Department of Psychology, Saint Mary’s University, Halifax, Canada; Department of Psychology and Neuroscience, Dalhousie University, Halifax, Canada;","Attention, Perception & Psychophysics",Springer,Canada,Jason Ivanoff;Nicole E Webb;Harjot Chahal;Virginia P Palango;Raymond M Klein;Steven R Carroll,,Research Article;,8/28/2018 0:00,10.3758/s13414-018-1591-y,30155800.0,3/8/2018 0:00,10.3758/s13414-018-1496-9,29520714.0,Retraction,+Error in Analyses;+Error in Results and/or Conclusions;,No,
19108,In-silico Analysis of LncRNA-mRNA Target Prediction,(BLS) Biochemistry;(BLS) Genetics;,"Central University of Rajasthan, Ajmer, India;",Advances in Machine Learning and Data Science,Springer,India,Deepanjali Sharma;Gaurav Meena,http://retractionwatch.com/2018/09/03/one-retraction-notice-says-plagiarism-the-other-says-it-was-an-error-in-an-algorithm-which-was-it/,Book Chapter/Reference Work;,8/23/2018 0:00,10.1007/978-981-10-8569-7_28,0.0,5/17/2018 0:00,10.1007/978-981-10-8569-7_28,0.0,Retraction,+Error in Analyses;+Error in Results and/or Conclusions;,No,
19101,Association of cataract surgery with mortality in older women: findings from the Women’s Health Initiative,(HSC) Biostatistics/Epidemiology;(HSC) Medicine - Ophthalmology;(HSC) Public Health and Safety;,"Center for Community Outreach and Policy, Stein Eye Institute, David Geffen School of Medicine, UCLA (University of California, Los Angeles); Los Angeles Biomedical Research Institute, Harbor-UCLA Medical Center, Torrance; Department of Biostatistics, Fielding School of Public Health, UCLA; Department of Epidemiology, University of Pittsburgh, Pittsburgh, Pennsylvania; Department of Medicine, University of Massachusetts Medical School, Worcester; Department of Preventive Medicine, University of Tennessee Health Sciences Center, Memphis; Division of Health Policy and Management, School of Public Health, University of Minnesota, Minneapolis; Department of Epidemiology, Fielding School of Public Health, UCLA;",JAMA Ophthalmology,American Medical Association,United States,Victoria L Tseng;Rowan T Chlebowski;Fei Yu;Jane A Cauley;Wenjun Li;Fridtjof Thomas;Beth A Virnig;Anne L Coleman,http://retractionwatch.com/2018/08/28/a-high-profile-paper-linked-cataract-surgery-to-a-lower-risk-of-death-it-was-wrong/,Research Article;,8/23/2018 0:00,10.1001/jamaophthalmol.2018.3347,30352119.0,10/26/2017 0:00,10.1001/jamaophthalmol.2017.4512,29075781.0,Retraction,+Error in Analyses;+Error in Results and/or Conclusions;+Retract and Replace;,No,
19100,First Report of Vibrio tubiashii Associated with a Massive Larval Mortality Event in a Commercial Hatchery of Scallop Argopecten purpuratus in Chile,(BLS) Microbiology;(BLS) Zoology;,"Laboratorio de Biotecnología, Instituto de Nutrición y Tecnología de los Alimentos, Universidad de Chile, Santiago, Chile; Laboratorio de Patobiología Acuática, Departamento de Acuicultura, Universidad Católica del Norte, Coquimbo, Chile; Centro Aquapacífico, Coquimbo, Chile; Laboratorio de Patogénesis Microbiana y Vacunación, Facultad de Ciencias, Universidad Mayor, Santiago, Chile;",Frontiers in Microbiology,Frontiers,Chile,Rodrigo Rojas;Claudio D Miranda;Javier Santander;Jaime Romero,,Research Article;,8/23/2018 0:00,10.3389/fmicb.2018.02168,30202416.0,9/20/2016 0:00,10.3389/fmicb.2016.01473,27703450.0,Retraction,+Error in Analyses;+Error in Results and/or Conclusions;,No,
19091,Metabolic parameters in psoriatic patients treated with interleukin-12/23 blockade (ustekinumab),(BLS) Biochemistry;(BLS) Biology - Cellular;(HSC) Medicine - Dermatology;(HSC) Medicine - Pharmacology;,"Department of Dermatology, Chang Gung Memorial Hospital, Linkou Branch; School of Medicine, College of Medicine, Chang Gung University, Taoyuan; Graduate Institute of Clinical Medical Sciences, Chang Gung University, Taoyuan; Department of Research, Taipei Tzu Chi Hospital, Buddhist Tzu Chi Medical Foundation, Taipei; Department of Family Medicine, Chang Gung Memorial Hospital, Taoyuan, Taiwan;",The Journal of Dermatology,Wiley,Taiwan,Chau Yee Ng;I Shiang Tzeng;Su Hsun Liu;Ya Ching Chang;Yu Huei Huang,,Research Article;,8/2/2018 0:00,10.1111/1346-8138.14520,30133801.0,10/5/2017 0:00,10.1111/1346-8138.14079,28980716.0,Retraction,+Error in Analyses;+Error in Results and/or Conclusions;,No,
19041,A Study on the Nucleation Mechanism of Nano-Scale Precipitates of 7055 Aluminum Alloy,(PHY) Materials Science;,"School of Mechanical Engineering, Qingdao University of Technology, Qingdao, Shandong 266520, P. R. China;",Nano,World Scientific Publishing Company,China,Ping Zhang;Youqiang Wang,,Research Article;,7/30/2018 0:00,10.1142/S1793292018930013,0.0,12/14/2017 0:00,10.1142/S1793292017501478,0.0,Retraction,+Error in Analyses;+Error in Materials;+Error in Results and/or Conclusions;,No,
19037,"Effects of Weapons on Aggressive Thoughts, Angry Feelings, Hostile Appraisals, and Aggressive Behavior: A Meta-Analytic Review of the Weapons Effect Literature",(SOC) Psychology;,"University of Arkansas-Fort Smith, USA; Virginia Commonwealth University, Richmond, USA; The Ohio State University, Columbus, USA;",Personality & Social Psychology Bulletin,SAGE Publications,United States,Arlin J Benjamin;Sven Kepes;Brad J Bushman,http://retractionwatch.com/?s=brad+bushman;http://retractionwatch.com/2017/11/20/losing-two-video-game-violence-papers-co-authors-weapons-paper-flagged/,Meta-Analysis;,8/12/2018 0:00,10.1177/1088868318786700,30101669.0,9/17/2017 0:00,10.1177/1088868317725419,28918699.0,Correction,+Error in Analyses;+Error in Results and/or Conclusions;,No,
19034,Association between low-testosterone and kidney stones in US men: The national health and nutrition examination survey 2011–2012,(HSC) Biostatistics/Epidemiology;(HSC) Medicine - Urology/Nephrology;(HSC) Public Health and Safety;,"Amgen Inc, USA; University of Texas Health Science Center at Houston, School of Public Health, 1200 Pressler Street, Houston, TX 77030, USA;",Preventive Medicine Reports,Elsevier,United States,Emre Yucel;Stacia DeSantis;Mary A Smith;David S Lopez,http://retractionwatch.com/2020/03/12/i-shot-at-my-own-foot-with-my-own-gun-journal-rebuffs-attempt-at-un-retraction/,Research Article;,8/14/2018 0:00,10.1016/j.pmedr.2018.04.002,32154092.0,4/6/2018 0:00,10.1016/j.pmedr.2018.04.002,29868376.0,Retraction,+Date of Retraction/Other Unknown;+Error in Analyses;+Error in Data;+Error in Results and/or Conclusions;,No,
19033,Reduction in the incidence of type 2 diabetes with the Mediterranean diet: results of the PREDIMED-Reus nutrition intervention randomized trial,(HSC) Biostatistics/Epidemiology;(HSC) Medicine - Diabetes;(HSC) Nutrition;(HSC) Public Health and Safety;,"Human Nutrition Unit, Hospital Universitari de Sant Joan, Departament de Bioquimica i Biotecnologia, Institut d’Investigacio Sanitaria Pere Virgili, Universitat Rovira i Virgili, Reus, Spain CIBER Fisiopatologia de la Obesidad y Nutricion, Instituto de Salud Carlos III, Madrid, Spain; Department of Preventive Medicine and Public Health, University of Navarra, Pamplona, Spain; SAP Reus-Altebrat, Institut Catala de la Salut, Reus, Spain; Department of Internal Medicine, Institut d’Investigacions Biomediques August Pi Sunyer, Hospital Clinic, Barcelona, Spain; Cardiovascular Risk and Nutrition Research Group, Institut Municipal d’Investigacio Medica, Barcelona, Spain; Department of Preventive Medicine and Public Health, University of Valencia, Valencia, Spain; Department of Cardiology, University Hospital Txagorritxu, Vitoria, Spain; Instituto de la Grasa, Consejo Superior de Investigaciones Científicas, Seville, Spain; Lipid Clinic, Service of Endocrinology and Nutrition, Institut d’Investigacions Biomediques August Pi Sunyer, Hospital Clinic, Barcelona, Spain;",Diabetes Care,American Diabetes Association,Spain,Jordi Salas-Salvado;Monica Bullo;Nancy Babio;Miguel Angel Martinez-Gonzalez;Nuria Ibarrola-Jurado;Josep Basora;Ramon Estruch;Maria Isabel Covas;Dolores Corella;Fernandos Aros;Valentina Ruiz-Gutierrez;Emilio Ros; PREDIMED Study Investigators,,Clinical Study;,8/10/2018 0:00,10.2337/dc18-er10,0.0,10/7/2010 0:00,10.2337/dc10-1288,20929998.0,Correction,+Error in Analyses;+Error in Data;+Error in Methods;,No,
19029,The impact of repeated vaccination on influenza vaccine effectiveness: a systematic review and meta-analysis,(HSC) Biostatistics/Epidemiology;(HSC) Medicine - Immunology;(HSC) Medicine - Infectious Disease;,"Public Health Ontario, 480 University Avenue Suite 300, Toronto, Ontario M5G 1V2, Canada; Dalla Lana School of Public Health, University of Toronto, 155 College St, Toronto, Ontario M5T 3M7, Canada; Public Health Agency of Canada, 130 Colonnade Road, Ottawa, Ontario K1A 0K9, Canada; WHO Collaborating Centre for Infectious Disease Epidemiology and Control, School of Public Health, Li Ka Shing Faculty of Medicine, The University of Hong Kong, Pokfulam, Hong Kong, China; Institute for Clinical Evaluative Sciences, Veterans Hill Trail, 2075 Bayview Avenue G1 06, Toronto, Ontario M4N 3M5, Canada; Department of Family & Community Medicine, University of Toronto, 155 College St, Toronto, Ontario M5T 3M7, Canada; University Health Network, 399 Bathurst St, Toronto, Ontario M5T 2S8, Canada; Department of Epidemiology and Biostatistics, Western University, 1151 Richmond St, London, Ontario N6A 3K7, Canada;",BMC Medicine,Springer - Biomed Central (BMC),Canada;China,Lauren C Ramsey;Sarah A Buchan;Robert G Stirling;Benjamin J Cowling;Shuo Feng;Jeffrey C Kwong;Bryna F Warshawsky,http://retractionwatch.com/2018/08/27/authors-retract-paper-finding-that-skipping-a-flu-vaccine-doesnt-render-next-years-shot-more-effective/,Meta-Analysis;,8/12/2018 0:00,10.1186/s12916-018-1137-0,30098597.0,8/21/2017 0:00,10.1186/s12916-017-0919-0,28823248.0,Retraction,+Error in Analyses;+Error in Results and/or Conclusions;,No,
19021,Glucose-dependent insulinotropic polypeptide increases blood flow in adipose tissue of humans by recruiting capillaries,(HSC) Medicine - Cardiovascular;(HSC) Medicine - Diabetes;(HSC) Medicine - Pharmacology;(HSC) Medicine - Rehabilitation/Therapy;,"Department of Endocrinology, Bispebjerg University Hospital, Copenhagen, Denmark; Department of Clinical Physiology/Nuclear Medicine, Bispebjerg University Hospital, Copenhagen, Denmark; NNF Center for Basic Metabolic Research, University of Copenhagen, Copenhagen, Denmark; Department of Biomedical Sciences, University of Copenhagen, Copenhagen, Denmark;",The Journal of Clinical Endocrinology and Metabolism,Oxford Academic,Denmark,Meena Asmar;Ali Asmar;Lene Simonsen;Jens Juul Holst;Jens Bulow,,Clinical Study;,8/6/2018 0:00,10.1210/jc.2018-01651,30099524.0,5/9/2018 0:00,10.1210/jc.2018-00389,29750414.0,Retraction,+Duplication of Data;+Error in Analyses;,No,
19011,Delivery outcome after trial of labor in nulliparous women over 40 years of age - a population-based study,(HSC) Biostatistics/Epidemiology;(HSC) Medicine - Obstetrics/Gynecology;(HSC) Public Health and Safety;,University of Gothenburg,Acta Obstetricia et Gynecologica Scandinavica,Wiley,Sweden,Victoria Ankarcrona;Daniel Altman;Anna‐Karin Wikstrom;Bo Jacobsson,,Research Article;,7/18/2018 0:00,10.1111/aogs.13379,29772053.0,5/17/2018 0:00,10.1111/aogs.13379,29772053.0,Retraction,+Error in Analyses;+Error in Methods;+Error in Results and/or Conclusions;+Removed;,No,
18973,Atrial natriuretic peptide prevents cancer metastasis through vascular endothelial cells,(BLS) Biochemistry;(BLS) Biology - Cancer;(BLS) Biology - Cellular;,"Department of Biochemistry, National Cerebral and Cardiovascular Center Research Institute, Suita-city, Osaka 565-8565, Japan; Department of Regenerative Medicine and Tissue Engineering, National Cerebral and Cardiovascular Center Research Institute, Suita-city, Osaka 565-8565, Japan; Department of Molecular Biology, National Cerebral and Cardiovascular Center Research Institute, Suita-city, Osaka 565-8565, Japan; JST-CREST/Department of Cell Biology, National Cerebral and Cardiovascular Center Research Institute, Suita-city, Osaka 565-8565, Japan; Department of General Thoracic Surgery, Osaka University Graduate School of Medicine, Suita-city, Osaka, 565-0871, Japan; Department of Mathematical Health Science, Osaka University Graduate School of Medicine, Suita-city, Osaka, 565-0871, Japan; Department of Endocrinology and Metabolism, National Cerebral and Cardiovascular Center Hospital, Suita-city, Osaka 565-8565, Japan; Department of General Thoracic Surgery, National Hospital Organization Toneyama Hospital, Toyonaka-city, Osaka, 560-8552, Japan; Department of Signal Transduction, Research Institute for Microbial Diseases, Suita-city, Osaka 565-0871, Japan; Laboratory for Animal Resources and Genetic Engineering, RIKEN Center for Developmental Biology, Kobe-city, Hyogo 650-0047, Japan; Drug Research Section II, Fukushima Research Laboratories, TOA EIYO Ltd., Fukushima-city, Fukushima 960-0280, Japan;",PNAS: Proceedings of the National Academy of Sciences of the United States of America,National Academy of Sciences (NAS),Japan,Takashi Nojiri;Hiroshi Hosoda;Takeshi Tokudome;Koichi Miura;Shin Ishikane;Kentaro Otani;Ichiro Kishimoto;Yasushi Shintani;Masayoshi Inoue;Toru Kimura;Noriyoshi Sawabata;Masato Minami;Tomoyuki Nakagiri;Soichiro Funaki;Yukiyasu Takeuchi;Hajime Maeda;Hiroyasu Kidoya;Hiroshi Kiyonari;Go Shioi;Yuji Arai;Takeshi Hasegawa;Nobuyuki Takakura;Megumi Hori;Yuko Ohno;Mikiya Miyazato;Naoki Mochizuki;Meinoshin Okumura;Kenji Kangawa,http://retractionwatch.com/2018/08/07/a-2015-pnas-paper-is-six-pages-long-its-correction-is-four-pages-long/,Research Article;,8/6/2018 0:00,10.1073/pnas.1811802115,30082410.0,3/16/2015 0:00,10.1073/pnas.1417273112,25775533.0,Correction,+Error in Analyses;+Error in Data;+Error in Image;+Error in Text;+Updated to Retraction;,No,
18970,"At which magnetic field, exactly, does the Kondo resonance begin to split? A Fermi liquid description of the low-energy properties of the Anderson model",(PHY) Physics;,"Dahlem Center for Complex Quantum Systems and Institut für Theoretische Physik, Freie Universität Berlin, Arnimallee 14, 14195 Berlin, Germany; BME-MTA Exotic Quantum Phase Group, Institute of Physics, Budapest University of Technology and Economics, H-1521 Budapest, Hungary; Department of Physics, University of Oradea, 410087, Oradea, Romania; Physics Department, Arnold Sommerfeld Center for Theoretical Physics and Center for NanoScience, Ludwig-Maximilians-Universität München, 80333 München, Germany; Laboratoire Pierre Aigrain, École normale supérieure, PSL Research University, CNRS, Université Pierre et Marie Curie, Sorbonne Universités, Université Paris Diderot, Sorbonne Paris-Cit, 24 rue Lhomond, 75231 Paris Cedex 05, France;",Physical Review B,American Physical Society,France;Germany;Hungary;Romania,MIchele Filippone;Catalin Pascu Moca;Jan von Delft;Christophe Mora,,Research Article;,8/6/2018 0:00,10.1103/PhysRevB.98.079902,0.0,4/5/2017 0:00,10.1103/PhysRevB.95.165404,0.0,Retraction,+Error in Analyses;+Error in Data;+Error in Results and/or Conclusions;+Retract and Replace;,No,see https://journals.aps.org/prb/abstract/10.1103/PhysRevB.98.075404
18954,Evaluation of behavioral problems after prenatal dexamethasone treatment in Swedish adolescents at risk of CAH,(HSC) Medicine - Pediatrics;(HSC) Medicine - Pharmacology;(HSC) Medicine - Rehabilitation/Therapy;,"Department of Women's and Children's Health, Karolinska Institutet, Pediatric Endocrinology Unit (Q2:08), Karolinska University Hospital, SE-171 76 Stockholm, Sweden; Department of Women's and Children's Health, KIND, Karolinska Institutet, Karolinska University Hospital, SE-171 76 Stockholm, Sweden;",Hormones and Behavior,Elsevier,Sweden,Lena Wallensteen;Marius Zimmermann;Malin Thomsen Sandberg;Anton Gezelius;Anna Nordenstrom;Tatja Hirvikoski;Svetalana Lajic,,Research Article;,7/30/2018 0:00,10.1016/j.yhbeh.2018.06.009,30072011.0,6/30/2016 0:00,10.1016/j.yhbeh.2016.06.011,27373757.0,Retraction,+Error in Analyses;+Error in Data;+Error in Results and/or Conclusions;+Retract and Replace;,No,
18919,Effects of Li-doping on microstructural and electrical properties of ZnO–MgO–Al2O3 linear resistance ceramics,(PHY) Chemistry;(PHY) Materials Science;,"School of Petrochemical Engineering, Changzhou University, Changzhou 213164, PR China; Huaide College, Changzhou University, Changzhou 213164, PR China;",Canadian Journal of Chemistry,Canadian Science Publishing,China,Rong Yang;Xiao Qu;Mao Hua Wang,,Research Article;,7/3/2018 0:00,10.1139/cjc-2018-0257,0.0,5/22/2018 0:00,10.1139/cjc-2017-0471,0.0,Retraction,+Error in Analyses;+Error in Data;+Error in Results and/or Conclusions;,No,
18895,Possible SGR-like bursts and X-ray brightening from the magnetar 1RXS J170849.0-400910,(PHY) Astronomy;,The George Washington University,The Astronomer's Telegram,The Astronomer's Telegram,United States,George Younes,http://retractionwatch.com/2018/08/04/weekend-reads-a-gold-star-in-astronomy-leading-journals-underrepresent-women-in-photos-how-papers-can-mislead/,Other;,7/20/2018 0:00,unavailable,0.0,7/19/2018 0:00,unavailable,0.0,Retraction,+Error in Analyses;,No,
18850,Bayesian networks for evaluating trade-offs between water utilization for agriculture and ecosystems,(BLS) Agriculture;(ENV) Environmental Sciences;(ENV) Ground/Surface Water;,"State Key Laboratory of Water Environment Simulation, School of Environment, Beijing Normal University, Beijing 100875, China;",Procedia Environmental Sciences,Elsevier,China,Ai Ping Pang;Tao Sun,,Conference Abstract/Paper;,3/10/2012 0:00,10.1016/j.proenv.2012.01.226,0.0,1/1/2012 0:00,10.1016/j.proenv.2012.01.226,0.0,Retraction,+Date of Retraction/Other Unknown;+Error in Analyses;+Error in Results and/or Conclusions;,No,
18846,Vergence eye movements direct others’ attention in three-dimensional space,(SOC) Psychology;,"School of Psychology, UNSW Sydney, New South Wales 2052, Australia;",Current Biology (CB),Elsevier - Cell Press,Australia,Alysha T T Nguyen;Colin J Palmer;Colin W G Clifford,http://retractionwatch.com/2018/07/28/weekend-reads-medical-device-maker-demands-a-retraction-an-admission-from-a-predatory-publisher-a-journal-digs-in-and-wont-retract/,Letter;Research Article;,7/23/2018 0:00,10.1016/j.cub.2018.07.013,30040930.0,5/7/2018 0:00,10.1016/j.cub.2018.03.031,29738724.0,Retraction,+Error in Analyses;,No,
18837,Unexpected events disrupt visuomotor working memory and increase guessing,(BLS) Neuroscience;,"Psychology Department, University of California, San Diego, La Jolla, USA; Psychology Department, University of Wisconsin–Madison, Madison, USA;",Psychonomic Bulletin & Review,Springer,United States,R Dawn Finzi;Bradley R Postle;Timothy F Brady;Adam R Aron,http://retractionwatch.com/2018/08/06/distraction-paper-pulled-for-clerical-error/,Research Article;,7/17/2018 0:00,10.3758/s13423-018-1505-y,30030715.0,6/2/2017 0:00,10.3758/s13423-017-1319-3,28577274.0,Retraction,+Error in Analyses;+Error in Results and/or Conclusions;,No,
18836,Substrate Stiffness Regulates the Development of Left–Right Asymmetry in Cell Orientation,(PHY) Chemistry;(PHY) Materials Science;,"Department of Mechanical and Biomedical Engineering, City University of Hong Kong, 83 Tat Chee Avenue, Hong Kong Special Administrative Region, China; School of Creative Media, and City University of Hong Kong, 83 Tat Chee Avenue, Hong Kong Special Administrative Region, China; Centre for Robotics and Automation, City University of Hong Kong, 83 Tat Chee Avenue, Hong Kong Special Administrative Region, China; CityU Shenzhen Research Institute, Shenzhen 518057, China",ACS Applied Materials & Interfaces,American Chemical Society (ACS),China,Yuanye Bao;Yaozhun Huang;MIu Ling Lam;Ting Xu;Ninghao Zhu;Zhaobin Guo;Xin Cui;Raymond H W Lam;Ting Hsuan Chen,http://retractionwatch.com/2018/07/28/weekend-reads-medical-device-maker-demands-a-retraction-an-admission-from-a-predatory-publisher-a-journal-digs-in-and-wont-retract/,Research Article;,7/20/2018 0:00,10.1021/acsami.8b10621,30028586.0,6/30/2016 0:00,10.1021/acsami.6b06789,27359036.0,Retraction,+Error in Analyses;+Error in Results and/or Conclusions;,No,
18830,Comparison of acupuncture and other drugs for chronic constipation: A network meta-analysis,(HSC) Medicine - Alternative;(HSC) Medicine - Gastroenterology;,"General Practice Department of Shenzhen Longhua District Central Hospital, Shenzhen, Guangdong Province, China; General Practice Department of Zhongshan Hospital of Fudan University, Shanghai City, China; Endocrinology Department of Shenzhen Longhua District Central Hospital, Shenzhen, Guangdong Province, China;",PLoS One,PLoS,China,Lingping Zhu;Yunhui Ma;Xiaoyan Deng,http://retractionwatch.com/2018/07/19/over-authors-objections-plos-one-retracts-paper-claiming-shroud-of-turin-showed-evidence-of-trauma/,Meta-Analysis;,7/19/2018 0:00,10.1371/journal.pone.0201274,30024970.0,4/25/2018 0:00,10.1371/journal.pone.0196128,29694378.0,Retraction,+Error in Analyses;+Error in Data;+Error in Methods;+Error in Results and/or Conclusions;+Error in Text;+Bias Issues or Lack of Balance;+Objections by Author(s);+Unreliable Data;+Unreliable Results;,No,
18754,Screening and purification of natural products from actinomycetes that affect the cell shape of fission yeast,(BLS) Biochemistry;(BLS) Biology - Cellular;,"Cell Cycle Laboratory, The Francis Crick Institute, 1 Midland Road, London, NW1 1AT, UK; Demuris Ltd, Newcastle Biomedicine Bioincubators, William Leech Building, Newcastle University Medical School, Framlington Place, Newcastle upon Tyne, NE2 4HH, UK;",Journal of Cell Science,The Company of Biologists,United Kingdom,Richard A Lewis;Juanjuan Li;Nicholas E E Allenby;Jeffery Errington;Jacqueline Hayle;Paul Nurse,http://retractionwatch.com/2018/07/26/nobel-prize-winners-correct-the-literature-too/,Research Article;,7/4/2018 0:00,10.1242/jcs.221580,29973399.0,8/3/2017 0:00,10.1242/jcs.194571,28775153.0,Correction,+Error in Analyses;+Error in Results and/or Conclusions;,No,
18752,Nucleation-controlled low-temperature solid-phase crystallization for Sn-doped polycrystalline-Ge film on insulator with high carrier mobility (~550?cm2/V s),(PHY) Materials Science;(PHY) Physics;,"Department of Electronics, Kyushu University, 744 Motooka, Fukuoka 819-0395, Japan;",Applied Physics Letters,AIP Publishing,Japan,Chang Xu;Hongmiao Gao;Takayuki Sugino;Masanobu Miyao;Taizoh Sadoh,,Research Article;,7/11/2018 0:00,10.1063/1.5046407,0.0,6/11/2018 0:00,10.1063/1.5024307,0.0,Retraction,+Error in Analyses;+Error in Methods;+Error in Results and/or Conclusions;,No,
18736,The Evaluation of Reactor Performance by Using Flibe and Flinabe Molten Salts in the APEX Hybrid Reactor,(PHY) Energy;(PHY) Engineering - Chemical;,"Department of Physics, Faculty of Science and Art, Ibrahim Cecen University, Agri, Turkey; Department of Physics, Faculty of Science and Art, Kastamonu University, Kastamonu, Turkey;",Journal of Fusion Energy,Springer,Turkey,Turgay Korkut;Aybaba Hancerliogulları,,Research Article;,6/1/2012 0:00,10.1007/s10894-012-9538-0,0.0,4/22/2012 0:00,10.1007/s10894-011-9441-0,0.0,Retraction,+Error in Analyses;+Error in Methods;+Error in Results and/or Conclusions;,No,
18658,WRKY71 and TGA1a physically interact and synergistically regulate the activity of a novel promoter isolated from Petunia vein-clearing virus,(BLS) Biochemistry;(BLS) Biology - Cellular;(BLS) Biology - Molecular;(BLS) Genetics;(BLS) Plant Biology/Botany;,"Division of Gene Function and Regulation, Institute of Life Sciences, Government of India, Chandrasekharpur, Bhubaneswar, Odisha, India; Department of Molecular Plant Virology and Plant Genetic Engineering, KTRDC, College of Agriculture, Food and Environment, University of Kentucky, Lexington, KY 40546-0236, United States;",Biochimica et Biophysica Acta (BBA) - Gene Regulatory Mechanisms,Springer,India;United States,Ankita Shrestha;Ahamed Khan;Dipti Ranjan Mishra;Kashyap Bhuyan;Bhabani Sahoo;Indu B Maiti;Nrisingha Dey,,Research Article;,7/4/2018 0:00,10.1016/j.bbagrm.2018.05.004,29413896.0,2/3/2018 0:00,10.1016/j.bbagrm.2018.01.005,29413896.0,Retraction,+Error in Analyses;+Error in Data;+Error in Results and/or Conclusions;,No,
18636,Starting Solutions for MHD Flow of an Oldroyd-B Fluid Through Porous Medium in Cylindrical Domains,(PHY) Engineering - Structural;(PHY) Materials Science;,"Department of Mathematics, Quaid-i-Azam University, Islamabad, Pakistan Department of Mathematics,Technical University of IasiIasi, Romania; Academy of Romanian Scientists, Bucharest, Romania;",Transport in Porous Media,Springer,Pakistan;Romania,Masood Khan;Madiha Ajmal;Constantin Fetecau,,Research Article;,3/1/2013 0:00,10.1007/s11242-012-0094-x,0.0,11/7/2012 0:00,10.1007/s11242-012-0094-x,0.0,Retraction,+Error in Analyses;+Error in Results and/or Conclusions;,No,
18619,"Her Support, His Support: Money, Masculinity, and Marital Infidelity",(SOC) Sexual And Marital Studies;(SOC) Sociology;,"Department of Sociology, University of Connecticut, 344 Mansfield Road, Storrs, CT 06269;",American Sociological Review,SAGE Publications,United States,Christin L Munsch,,Research Article;,6/29/2018 0:00,10.1177/0003122418780369,0.0,5/31/2015 0:00,10.1177/0003122415579989,0.0,Correction,+Error in Analyses;+Error in Results and/or Conclusions;,Yes,
18521,"Suicide Rates by Occupational Group - 17 States, 2012",(HSC) Biostatistics/Epidemiology;(HSC) Occupational Health and Safety;(HSC) Public Health and Safety;,"Division of Violence Prevention, National Center for Injury Prevention and Control, CDC; Epidemic Intelligence Service, CDC;",Morbidity and Mortality Weekly Report (MMWR),Centers for Disease Control and Prevention,United States,Wendy LiKamWa McIntosh;Erica Spies;Deborah M Stone;Colby N Lokey;Aimee-Rika T Trudeau;Brad Bartholow,http://retractionwatch.com/2018/11/15/in-a-first-u-s-cdc-retracts-replaces-study-about-suicide-risk-in-farmers/,Government Publication;Research Article;,6/29/2018 0:00,10.15585/mmwr.mm6725a7,29953426.0,7/1/2016 0:00,10.15585/mmwr.mm6525a1,27359167.0,Expression of concern,+Concerns/Issues About Results;+Error in Analyses;,No,
18516,On the Hardness of Embeddings Between Two Finite Metrics,(B/T) Computer Science;,"Computer Science and Enginnering, University of Washington, Seattle, WA 98195-2350, USA;","International Colloquium on Automata, Languages, and Programming",Springer,United States,Matthew Cary;Atri Rudra;Ashish Sabharwal,,Research Article;,1/1/2007 0:00,10.1007/978-3-540-73420-8_81,0.0,1/1/2005 0:00,10.1007/11523468_114,0.0,Retraction,+Error in Analyses;+Error in Results and/or Conclusions;+Results Not Reproducible;,No,exact date of retraction unknown
18510,"A 1,2-Dicarbadodecaborane(12)-1,2-Dithiolate Chelating Ruthenium Carbene Catalyst for Highly Z Selective Olefin Metathesis",(PHY) Chemistry;(PHY) Crystallography/Spectroscopy;,"Department of Chemistry, College of Science, Tianjin University, Tianjin 300350, People’s Republic of China; Collaborative Innovation Center of Chemical Science and Engineering (Tianjin), Tianjin 30072, People’s Republic of China; Tianjin Key Laboratory of Structure and Performance for Functional Molecules, Key Laboratory of Inorganic-Organic hybrid Functional Material Chemistry, College of Chemistry, Tianjin Normal University, Tianjin, 300387, People’s Republic of China;",Organometallics,American Chemical Society (ACS),China,Tao Wang;Yulian Duan;Xinying Liu;Qingxiao Xie;Weijie Guo;Xiaobo Yu;Shutao Wu;Jianhui Wang;Guiyan Liu,,Research Article;,3/27/2018 0:00,10.1021/acs.organomet.7b00556,0.0,10/4/2017 0:00,10.1021/acs.organomet.7b00556,0.0,Retraction,+Error in Analyses;+Error in Results and/or Conclusions;,No,
18488,Differences in the expression profiles of claudin proteins in human nasopharyngeal carcinoma compared with non-neoplastic mucosa,(BLS) Biochemistry;(BLS) Biology - Cancer;(BLS) Biology - Cellular;(BLS) Biology - Molecular;,"Center for Translational Medicine; Department of Spinal Surgery, Central Hospital of Zibo, Affiliated with Shandong University, Gongqingtuan Road 54Hao, Zibo, Shandong Province, China; Department of General Surgery, People’s Hospital of Linzi District, Affiliated with Binzhou Medical College, Shandong Province, China; Department of Spinal Surgery, Central Hospital of Zibo, Affiliated with Shandong University, Zibo, Shandong Province, China; Department of Thoracic Surgery, the First Hospital of Jilin University, Changchun, Jilin, China;",Diagnostic Pathology,Springer - Biomed Central (BMC),China,Xiaowei Zhang;Haiming Wang;Qian Li;Yunpeng Liu;Peiqing Zhao;Tao Li,,Research Article;,6/25/2018 0:00,10.1186/s13000-018-0718-8,29940962.0,2/5/2018 0:00,10.1186/s13000-018-0685-0,29402318.0,Retraction,+Error in Analyses;+Error in Data;+Error in Methods;+Error in Results and/or Conclusions;,No,
18474,High quantum efficiency of depth grade doping negative-electron-affinity GaN photocathode,(PHY) Chemistry;(PHY) Physics;,"Department of Electronic Engineering and Optoelectronic Technology, Nanjing University of Science and Technology, Nanjing, Jiang Su 210094, People's Republic of China;",Applied Physics Letters,AIP Publishing,China,Xiangyang Guo;Xiaohui Wang;Benkang Chang;Yijun Zhang;Pin Gao,,Research Article;,1/13/2011 0:00,10.1063/1.3533377,0.0,8/9/2010 0:00,10.1063/1.3478010,0.0,Retraction,+Error in Analyses;+Error in Data;+Error in Results and/or Conclusions;,No,
18405,Primary Prevention of Cardiovascular Disease with a Mediterranean Diet,(HSC) Medicine - Cardiology;(HSC) Medicine - Cardiovascular;(HSC) Nutrition;(HSC) Public Health and Safety;,"Centro de Investigacion Biomedica en Red de Fisiopatologia de la Obesidad y and the PREDIMED (Prevención con Dieta Mediterránea) Network (RD 06/0045), Instituto de Salud Carlos III, Madrid; Department of Internal Medicine and Lipid Clinic, Department of Endocrinology and Nutrition, Institut d’Investigacions Biomediques August Pi I Sunyer, Hospital Clinic, University of Barcelona, Barcelona; Human Nutrition Department, Hospital Universitari Sant Joan, Institut d’Investigacio Sanitaria Pere Virgili, Universitat Rovira i Virgili, Reus; Cardiovascular and Nutrition Research Group, Institut de Recerca Hospital del Mar, Barcelona; Department of Preventive Medicine, University of Valencia, Valencia; Department of Cardiology, University Hospital of Alava, Vitoria; Department of Preventive Medicine, University of Malaga, Malaga; Instituto de la Grasa, Consejo Superior de Investigaciones Cientificas, Seville; Institute of Health Sciences (IUNICS), University of Balearic Islands, and Hospital Son Espases, Palma de Mallorca; Department of Family Medicine, Primary Care Division of Seville, San Pablo Health Center, Seville; Department of Nutrition and Food Science, School of Pharmacy, Xarxa de Referencia en Tecnologia dels Aliments, Instituto de Investigacion en Nutricion y Seguridad Alimentaria, University of Barcelona, Barcelona; Department of Clinical Sciences, University of Las Palmas de Gran Canaria, Las Palmas; Lipids and Vascular Risk Unit, Internal Medicine, Hospital Universitario de Bellvitge, Hospitalet de Llobregat, Barcelona; Primary Care Division, Catalan Institute of Health, Institut d’Investigacio en Atencio Primaria Jordi Gol, Tarragona-Reus and Barcelona; Primary Care Division, Valencia Institute of Health, Valencia; Department of Nutrition and Food Sciences, University of Navarra, Pamplona, Spain; Department of Physiology and Toxicology, University of Navarra, Pamplona, Spain; Department of Preventive Medicine and Public Health, University of Navarra, Pamplona, Spain;",NEJM: The New England Journal of Medicine,Massachusetts Medical Society,Spain,Ramon Estruch;Emilio Ros;Jordi Salas-Salvado;Maria Isabel Covas;Dolores Corella;Fernando Aros;Enrique Gomez-Gracia;Valentina Ruiz-Gutierrez;Miguel Fiol;Jose Lapetra;Rosa Maria Lamuela-Raventos;Lluis Serra-Majem;Xavier Pinto;Joseph Basora;Miguel Angel Munoz;Jose V Sorli;Jose Alfredo Martinez;Miguel Angel Martinez-Gonzalez,http://retractionwatch.com/2018/06/13/does-the-mediterranean-diet-prevent-heart-attacks-nejm-retracts-and-replaces-high-profile-paper/,Research Article;,6/13/2018 0:00,10.1056/NEJMc1806491,29897867.0,4/4/2013 0:00,10.1056/NEJMoa1200303,23432189.0,Retraction,+Error in Analyses;+Error in Methods;+Error in Results and/or Conclusions;+Retract and Replace;,No,see also: https://www.npr.org/sections/health-shots/2018/06/13/619619302/researchers-soften-claim-that-mediterranean-diet-prevents-heart-attacks?live=1 ; republished: https://www.nejm.org/doi/full/10.1056/NEJMoa1800389
18342,Theoretical study of electronic properties and isotope effects in the UV absorption spectrum of disulfur,(PHY) Chemistry;(PHY) Crystallography/Spectroscopy;(PHY) Physics;,"Department of Materials and Life Sciences, Faculty of Science and Technology, Sophia University, 7-1 Kioi-Cho, Chiyoda-ku, Tokyo 102-8554, Japan; P.N. Lebedev Physical Institute of the Russian Academy of Sciences, 53 Leninskiy pr., Moscow 119991, Russia;",Chemical Physics,Elsevier,Japan;Russia,Karolis Sarka;Sebastian O Danielache;Alezy Kondorskiy;Shinkoh Nanbu,,Research Article;,5/31/2018 0:00,10.1016/j.chemphys.2018.05.007,0.0,3/22/2017 0:00,10.1016/j.chemphys.2017.03.005,0.0,Retraction,+Error in Analyses;+Error in Results and/or Conclusions;,No,
18340,Evaluation of Impact of Pregnancy on Oral Health Status and Oral Health Related Quality of Life among Women of Kashmir Valley,(HSC) Medicine - Dentistry;(HSC) Medicine - Obstetrics/Gynecology;(HSC) Public Health and Safety;,"Department of Public Health Dentistry, Government College and Hospital, Shireen Bagh, Srinagar, Jammu and Kashmir, India; Department of Community and Preventive Dentistry, UCMS College of Dental Surgery, Siddharthanagar, Nepal; Department of Community and Preventive Dentistry, Dr. Ishrat-ul-Ebad Khan Institute of Oral Health Sciences, Dow University of Health Sciences, Karachi, Pakistan;",Journal of Clinical and Diagnostic Research (JCDR),JCDR Research and Publications Limited,India;Nepal;Pakistan,Aasim Farooq Shah;Manu Batra;Ambrina Qureshi,,Research Article;,1/1/2018 0:00,10.7860/JCDR/2018/25862.11047,29874321.0,5/1/2017 0:00,10.7860/JCDR/2017/25862.9769,28658896.0,Retraction,+Error in Analyses;+Error in Data;+Error in Results and/or Conclusions;,No,
